Workbook

Sheet DASHBOARD
B1: FinSight IA · Technology Screening — Tableau de Bord · 22/03/2026
C3: =COUNTA('DONNÉES BRUTES'!A$3:A$90) -> 88 | H3: =ROUND(AVERAGE('DONNÉES BRUTES'!AB$3:AB$90),0)&"/100" -> 50/100 | L3: =IFERROR(_xlfn.XLOOKUP(MAX('DONNÉES BRUTES'!AB$3:AB$90),'DONNÉES BRUTES'!AB$3:AB$90,'DONNÉES BRUTES'!A$3:A$90)&" — "&MAX('DONNÉES BRUTES'!AB$3:AB$90)&"/100","—") -> NVDA — 88/100 | Q3: 46026
C4: SOCIÉTÉS ANALYSÉES | H4: SCORE MOYEN SECTEUR | L4: MEILLEUR SCORE GLOBAL | Q4: DATE D'ANALYSE
B6: TOP 5 · Classements par Facteur · Growth | H6: Quality | N6: Momentum
B7: # | C7: Ticker | D7: Société | E7: Score | F7: Croiss. Rev | H7: # | I7: Ticker | J7: Société | K7: Score | L7: Altman Z | N7: # | O7: Ticker | P7: Société | Q7: Score | R7: Mom 52W
B8: 1 | C8: =IFERROR(_xlfn.XLOOKUP(LARGE('DONNÉES BRUTES'!Y$3:Y$90,1),'DONNÉES BRUTES'!Y$3:Y$90,'DONNÉES BRUTES'!A$3:A$90),"—") -> INTC | D8: =IFERROR(_xlfn.XLOOKUP(C8,'DONNÉES BRUTES'!A$3:A$90,'DONNÉES BRUTES'!B$3:B$90),"—") -> Intel Corporation | E8: =IFERROR(_xlfn.XLOOKUP(C8,'DONNÉES BRUTES'!A$3:A$90,'DONNÉES BRUTES'!Y$3:Y$90)&"/100","—") -> 100/100 | F8: =IFERROR(_xlfn.XLOOKUP(C8,'DONNÉES BRUTES'!A$3:A$90,'DONNÉES BRUTES'!P$3:P$90),"—") -> -0.5% | H8: 1 | I8: =IFERROR(_xlfn.XLOOKUP(LARGE('DONNÉES BRUTES'!Z$3:Z$90,1),'DONNÉES BRUTES'!Z$3:Z$90,'DONNÉES BRUTES'!A$3:A$90),"—") -> DSY.PA | J8: =IFERROR(_xlfn.XLOOKUP(I8,'DONNÉES BRUTES'!A$3:A$90,'DONNÉES BRUTES'!B$3:B$90),"—") -> Dassault Systèmes SE | K8: =IFERROR(_xlfn.XLOOKUP(I8,'DONNÉES BRUTES'!A$3:A$90,'DONNÉES BRUTES'!Z$3:Z$90)&"/100","—") -> 100/100 | L8: =IFERROR(_xlfn.XLOOKUP(I8,'DONNÉES BRUTES'!A$3:A$90,'DONNÉES BRUTES'!U$3:U$90),"—") -> — | N8: 1 | O8: =IFERROR(_xlfn.XLOOKUP(LARGE('DONNÉES BRUTES'!AA$3:AA$90,1),'DONNÉES BRUTES'!AA$3:AA$90,'DONNÉES BRUTES'!A$3:A$90),"—") -> SNDK | P8: =IFERROR(_xlfn.XLOOKUP(O8,'DONNÉES BRUTES'!A$3:A$90,'DONNÉES BRUTES'!B$3:B$90),"—") -> Sandisk Corporation | Q8: =IFERROR(_xlfn.XLOOKUP(O8,'DONNÉES BRUTES'!A$3:A$90,'DONNÉES BRUTES'!AA$3:AA$90)&"/100","—") -> 100/100 | R8: =IFERROR(_xlfn.XLOOKUP(O8,'DONNÉES BRUTES'!A$3:A$90,'DONNÉES BRUTES'!W$3:W$90),"—") -> —
B9: 2 | C9: =IFERROR(_xlfn.XLOOKUP(LARGE('DONNÉES BRUTES'!Y$3:Y$90,2),'DONNÉES BRUTES'!Y$3:Y$90,'DONNÉES BRUTES'!A$3:A$90),"—") -> WDC | D9: =IFERROR(_xlfn.XLOOKUP(C9,'DONNÉES BRUTES'!A$3:A$90,'DONNÉES BRUTES'!B$3:B$90),"—") -> Western Digital Corporation | E9: =IFERROR(_xlfn.XLOOKUP(C9,'DONNÉES BRUTES'!A$3:A$90,'DONNÉES BRUTES'!Y$3:Y$90)&"/100","—") -> 99/100 | F9: =IFERROR(_xlfn.XLOOKUP(C9,'DONNÉES BRUTES'!A$3:A$90,'DONNÉES BRUTES'!P$3:P$90),"—") -> +50.7% | H9: 2 | I9: =IFERROR(_xlfn.XLOOKUP(LARGE('DONNÉES BRUTES'!Z$3:Z$90,2),'DONNÉES BRUTES'!Z$3:Z$90,'DONNÉES BRUTES'!A$3:A$90),"—") -> VRSN | J9: =IFERROR(_xlfn.XLOOKUP(I9,'DONNÉES BRUTES'!A$3:A$90,'DONNÉES BRUTES'!B$3:B$90),"—") -> VeriSign, Inc. | K9: =IFERROR(_xlfn.XLOOKUP(I9,'DONNÉES BRUTES'!A$3:A$90,'DONNÉES BRUTES'!Z$3:Z$90)&"/100","—") -> 99/100 | L9: =IFERROR(_xlfn.XLOOKUP(I9,'DONNÉES BRUTES'!A$3:A$90,'DONNÉES BRUTES'!U$3:U$90),"—") -> -27.16 | N9: 2 | O9: =IFERROR(_xlfn.XLOOKUP(LARGE('DONNÉES BRUTES'!AA$3:AA$90,2),'DONNÉES BRUTES'!AA$3:AA$90,'DONNÉES BRUTES'!A$3:A$90),"—") -> WDC | P9: =IFERROR(_xlfn.XLOOKUP(O9,'DONNÉES BRUTES'!A$3:A$90,'DONNÉES BRUTES'!B$3:B$90),"—") -> Western Digital Corporation | Q9: =IFERROR(_xlfn.XLOOKUP(O9,'DONNÉES BRUTES'!A$3:A$90,'DONNÉES BRUTES'!AA$3:AA$90)&"/100","—") -> 99/100 | R9: =IFERROR(_xlfn.XLOOKUP(O9,'DONNÉES BRUTES'!A$3:A$90,'DONNÉES BRUTES'!W$3:W$90),"—") -> +477.2%
B10: 3 | C10: =IFERROR(_xlfn.XLOOKUP(LARGE('DONNÉES BRUTES'!Y$3:Y$90,3),'DONNÉES BRUTES'!Y$3:Y$90,'DONNÉES BRUTES'!A$3:A$90),"—") -> MU | D10: =IFERROR(_xlfn.XLOOKUP(C10,'DONNÉES BRUTES'!A$3:A$90,'DONNÉES BRUTES'!B$3:B$90),"—") -> Micron Technology, Inc. | E10: =IFERROR(_xlfn.XLOOKUP(C10,'DONNÉES BRUTES'!A$3:A$90,'DONNÉES BRUTES'!Y$3:Y$90)&"/100","—") -> 98/100 | F10: =IFERROR(_xlfn.XLOOKUP(C10,'DONNÉES BRUTES'!A$3:A$90,'DONNÉES BRUTES'!P$3:P$90),"—") -> +48.9% | H10: 3 | I10: =IFERROR(_xlfn.XLOOKUP(LARGE('DONNÉES BRUTES'!Z$3:Z$90,3),'DONNÉES BRUTES'!Z$3:Z$90,'DONNÉES BRUTES'!A$3:A$90),"—") -> NVDA | J10: =IFERROR(_xlfn.XLOOKUP(I10,'DONNÉES BRUTES'!A$3:A$90,'DONNÉES BRUTES'!B$3:B$90),"—") -> NVIDIA Corporation | K10: =IFERROR(_xlfn.XLOOKUP(I10,'DONNÉES BRUTES'!A$3:A$90,'DONNÉES BRUTES'!Z$3:Z$90)&"/100","—") -> 98/100 | L10: =IFERROR(_xlfn.XLOOKUP(I10,'DONNÉES BRUTES'!A$3:A$90,'DONNÉES BRUTES'!U$3:U$90),"—") -> 13.22 | N10: 3 | O10: =IFERROR(_xlfn.XLOOKUP(LARGE('DONNÉES BRUTES'!AA$3:AA$90,3),'DONNÉES BRUTES'!AA$3:AA$90,'DONNÉES BRUTES'!A$3:A$90),"—") -> CIEN | P10: =IFERROR(_xlfn.XLOOKUP(O10,'DONNÉES BRUTES'!A$3:A$90,'DONNÉES BRUTES'!B$3:B$90),"—") -> Ciena Corporation | Q10: =IFERROR(_xlfn.XLOOKUP(O10,'DONNÉES BRUTES'!A$3:A$90,'DONNÉES BRUTES'!AA$3:AA$90)&"/100","—") -> 98/100 | R10: =IFERROR(_xlfn.XLOOKUP(O10,'DONNÉES BRUTES'!A$3:A$90,'DONNÉES BRUTES'!W$3:W$90),"—") -> +454.6%
B11: 4 | C11: =IFERROR(_xlfn.XLOOKUP(LARGE('DONNÉES BRUTES'!Y$3:Y$90,4),'DONNÉES BRUTES'!Y$3:Y$90,'DONNÉES BRUTES'!A$3:A$90),"—") -> STX | D11: =IFERROR(_xlfn.XLOOKUP(C11,'DONNÉES BRUTES'!A$3:A$90,'DONNÉES BRUTES'!B$3:B$90),"—") -> Seagate Technology Holdings plc | E11: =IFERROR(_xlfn.XLOOKUP(C11,'DONNÉES BRUTES'!A$3:A$90,'DONNÉES BRUTES'!Y$3:Y$90)&"/100","—") -> 97/100 | F11: =IFERROR(_xlfn.XLOOKUP(C11,'DONNÉES BRUTES'!A$3:A$90,'DONNÉES BRUTES'!P$3:P$90),"—") -> +38.9% | H11: 4 | I11: =IFERROR(_xlfn.XLOOKUP(LARGE('DONNÉES BRUTES'!Z$3:Z$90,4),'DONNÉES BRUTES'!Z$3:Z$90,'DONNÉES BRUTES'!A$3:A$90),"—") -> ADBE | J11: =IFERROR(_xlfn.XLOOKUP(I11,'DONNÉES BRUTES'!A$3:A$90,'DONNÉES BRUTES'!B$3:B$90),"—") -> Adobe Inc. | K11: =IFERROR(_xlfn.XLOOKUP(I11,'DONNÉES BRUTES'!A$3:A$90,'DONNÉES BRUTES'!Z$3:Z$90)&"/100","—") -> 97/100 | L11: =IFERROR(_xlfn.XLOOKUP(I11,'DONNÉES BRUTES'!A$3:A$90,'DONNÉES BRUTES'!U$3:U$90),"—") -> 7.74 | N11: 4 | O11: =IFERROR(_xlfn.XLOOKUP(LARGE('DONNÉES BRUTES'!AA$3:AA$90,4),'DONNÉES BRUTES'!AA$3:AA$90,'DONNÉES BRUTES'!A$3:A$90),"—") -> TER | P11: =IFERROR(_xlfn.XLOOKUP(O11,'DONNÉES BRUTES'!A$3:A$90,'DONNÉES BRUTES'!B$3:B$90),"—") -> Teradyne, Inc. | Q11: =IFERROR(_xlfn.XLOOKUP(O11,'DONNÉES BRUTES'!A$3:A$90,'DONNÉES BRUTES'!AA$3:AA$90)&"/100","—") -> 97/100 | R11: =IFERROR(_xlfn.XLOOKUP(O11,'DONNÉES BRUTES'!A$3:A$90,'DONNÉES BRUTES'!W$3:W$90),"—") -> +292.0%
B12: 5 | C12: =IFERROR(_xlfn.XLOOKUP(LARGE('DONNÉES BRUTES'!Y$3:Y$90,5),'DONNÉES BRUTES'!Y$3:Y$90,'DONNÉES BRUTES'!A$3:A$90),"—") -> NVDA | D12: =IFERROR(_xlfn.XLOOKUP(C12,'DONNÉES BRUTES'!A$3:A$90,'DONNÉES BRUTES'!B$3:B$90),"—") -> NVIDIA Corporation | E12: =IFERROR(_xlfn.XLOOKUP(C12,'DONNÉES BRUTES'!A$3:A$90,'DONNÉES BRUTES'!Y$3:Y$90)&"/100","—") -> 95/100 | F12: =IFERROR(_xlfn.XLOOKUP(C12,'DONNÉES BRUTES'!A$3:A$90,'DONNÉES BRUTES'!P$3:P$90),"—") -> +65.5% | H12: 5 | I12: =IFERROR(_xlfn.XLOOKUP(LARGE('DONNÉES BRUTES'!Z$3:Z$90,5),'DONNÉES BRUTES'!Z$3:Z$90,'DONNÉES BRUTES'!A$3:A$90),"—") -> FICO | J12: =IFERROR(_xlfn.XLOOKUP(I12,'DONNÉES BRUTES'!A$3:A$90,'DONNÉES BRUTES'!B$3:B$90),"—") -> Fair Isaac Corporation | K12: =IFERROR(_xlfn.XLOOKUP(I12,'DONNÉES BRUTES'!A$3:A$90,'DONNÉES BRUTES'!Z$3:Z$90)&"/100","—") -> 95/100 | L12: =IFERROR(_xlfn.XLOOKUP(I12,'DONNÉES BRUTES'!A$3:A$90,'DONNÉES BRUTES'!U$3:U$90),"—") -> 10.30 | N12: 5 | O12: =IFERROR(_xlfn.XLOOKUP(LARGE('DONNÉES BRUTES'!AA$3:AA$90,5),'DONNÉES BRUTES'!AA$3:AA$90,'DONNÉES BRUTES'!A$3:A$90),"—") -> MU | P12: =IFERROR(_xlfn.XLOOKUP(O12,'DONNÉES BRUTES'!A$3:A$90,'DONNÉES BRUTES'!B$3:B$90),"—") -> Micron Technology, Inc. | Q12: =IFERROR(_xlfn.XLOOKUP(O12,'DONNÉES BRUTES'!A$3:A$90,'DONNÉES BRUTES'!AA$3:AA$90)&"/100","—") -> 95/100 | R12: =IFERROR(_xlfn.XLOOKUP(O12,'DONNÉES BRUTES'!A$3:A$90,'DONNÉES BRUTES'!W$3:W$90),"—") -> +283.3%
B14: TOP 10 GLOBAL · Score Composite · Growth / Quality / Momentum
B15: # | C15: Ticker | D15: Société | E15: Score | G15: Growth | H15: Quality | I15: Momentum | K15: Mg EBITDA | L15: Croiss. Rev | N15: Next Earn. | O15: Signal
B16: 1 | C16: =IFERROR(_xlfn.XLOOKUP(LARGE('DONNÉES BRUTES'!AB$3:AB$90,1),'DONNÉES BRUTES'!AB$3:AB$90,'DONNÉES BRUTES'!A$3:A$90),"—") -> NVDA | D16: =IFERROR(_xlfn.XLOOKUP(C16,'DONNÉES BRUTES'!A$3:A$90,'DONNÉES BRUTES'!B$3:B$90),"—") -> NVIDIA Corporation | E16: =IFERROR(_xlfn.XLOOKUP(C16,'DONNÉES BRUTES'!A$3:A$90,'DONNÉES BRUTES'!AB$3:AB$90)&"/100","—") -> 88/100 | G16: =IFERROR(_xlfn.XLOOKUP(C16,'DONNÉES BRUTES'!A$3:A$90,'DONNÉES BRUTES'!Y$3:Y$90),"—") -> 95 | H16: =IFERROR(_xlfn.XLOOKUP(C16,'DONNÉES BRUTES'!A$3:A$90,'DONNÉES BRUTES'!Z$3:Z$90),"—") -> 98 | I16: =IFERROR(_xlfn.XLOOKUP(C16,'DONNÉES BRUTES'!A$3:A$90,'DONNÉES BRUTES'!AA$3:AA$90),"—") -> 70 | K16: =IFERROR(_xlfn.XLOOKUP(C16,'DONNÉES BRUTES'!A$3:A$90,'DONNÉES BRUTES'!N$3:N$90),"—") -> 66.9% | L16: =IFERROR(_xlfn.XLOOKUP(C16,'DONNÉES BRUTES'!A$3:A$90,'DONNÉES BRUTES'!P$3:P$90),"—") -> +65.5% | N16: =IFERROR(_xlfn.XLOOKUP(C16,'DONNÉES BRUTES'!A$3:A$90,'DONNÉES BRUTES'!AC$3:AC$90),"—") -> 2026-05-20 | O16: =IFERROR(_xlfn.XLOOKUP(C16,'DONNÉES BRUTES'!A$3:A$90,'DONNÉES BRUTES'!AD$3:AD$90),"—") -> Surpondérer
B17: 2 | C17: =IFERROR(_xlfn.XLOOKUP(LARGE('DONNÉES BRUTES'!AB$3:AB$90,2),'DONNÉES BRUTES'!AB$3:AB$90,'DONNÉES BRUTES'!A$3:A$90),"—") -> KLAC | D17: =IFERROR(_xlfn.XLOOKUP(C17,'DONNÉES BRUTES'!A$3:A$90,'DONNÉES BRUTES'!B$3:B$90),"—") -> KLA Corporation | E17: =IFERROR(_xlfn.XLOOKUP(C17,'DONNÉES BRUTES'!A$3:A$90,'DONNÉES BRUTES'!AB$3:AB$90)&"/100","—") -> 84/100 | G17: =IFERROR(_xlfn.XLOOKUP(C17,'DONNÉES BRUTES'!A$3:A$90,'DONNÉES BRUTES'!Y$3:Y$90),"—") -> 85 | H17: =IFERROR(_xlfn.XLOOKUP(C17,'DONNÉES BRUTES'!A$3:A$90,'DONNÉES BRUTES'!Z$3:Z$90),"—") -> 79 | I17: =IFERROR(_xlfn.XLOOKUP(C17,'DONNÉES BRUTES'!A$3:A$90,'DONNÉES BRUTES'!AA$3:AA$90),"—") -> 88 | K17: =IFERROR(_xlfn.XLOOKUP(C17,'DONNÉES BRUTES'!A$3:A$90,'DONNÉES BRUTES'!N$3:N$90),"—") -> 43.9% | L17: =IFERROR(_xlfn.XLOOKUP(C17,'DONNÉES BRUTES'!A$3:A$90,'DONNÉES BRUTES'!P$3:P$90),"—") -> +23.9% | N17: =IFERROR(_xlfn.XLOOKUP(C17,'DONNÉES BRUTES'!A$3:A$90,'DONNÉES BRUTES'!AC$3:AC$90),"—") -> 2026-04-29 | O17: =IFERROR(_xlfn.XLOOKUP(C17,'DONNÉES BRUTES'!A$3:A$90,'DONNÉES BRUTES'!AD$3:AD$90),"—") -> Surpondérer
B18: 3 | C18: =IFERROR(_xlfn.XLOOKUP(LARGE('DONNÉES BRUTES'!AB$3:AB$90,3),'DONNÉES BRUTES'!AB$3:AB$90,'DONNÉES BRUTES'!A$3:A$90),"—") -> ANET | D18: =IFERROR(_xlfn.XLOOKUP(C18,'DONNÉES BRUTES'!A$3:A$90,'DONNÉES BRUTES'!B$3:B$90),"—") -> Arista Networks, Inc. | E18: =IFERROR(_xlfn.XLOOKUP(C18,'DONNÉES BRUTES'!A$3:A$90,'DONNÉES BRUTES'!AB$3:AB$90)&"/100","—") -> 83/100 | G18: =IFERROR(_xlfn.XLOOKUP(C18,'DONNÉES BRUTES'!A$3:A$90,'DONNÉES BRUTES'!Y$3:Y$90),"—") -> 84 | H18: =IFERROR(_xlfn.XLOOKUP(C18,'DONNÉES BRUTES'!A$3:A$90,'DONNÉES BRUTES'!Z$3:Z$90),"—") -> 89 | I18: =IFERROR(_xlfn.XLOOKUP(C18,'DONNÉES BRUTES'!A$3:A$90,'DONNÉES BRUTES'!AA$3:AA$90),"—") -> 76 | K18: =IFERROR(_xlfn.XLOOKUP(C18,'DONNÉES BRUTES'!A$3:A$90,'DONNÉES BRUTES'!N$3:N$90),"—") -> 43.6% | L18: =IFERROR(_xlfn.XLOOKUP(C18,'DONNÉES BRUTES'!A$3:A$90,'DONNÉES BRUTES'!P$3:P$90),"—") -> +28.6% | N18: =IFERROR(_xlfn.XLOOKUP(C18,'DONNÉES BRUTES'!A$3:A$90,'DONNÉES BRUTES'!AC$3:AC$90),"—") -> 2026-05-05 | O18: =IFERROR(_xlfn.XLOOKUP(C18,'DONNÉES BRUTES'!A$3:A$90,'DONNÉES BRUTES'!AD$3:AD$90),"—") -> Surpondérer
B19: 4 | C19: =IFERROR(_xlfn.XLOOKUP(LARGE('DONNÉES BRUTES'!AB$3:AB$90,4),'DONNÉES BRUTES'!AB$3:AB$90,'DONNÉES BRUTES'!A$3:A$90),"—") -> AVGO | D19: =IFERROR(_xlfn.XLOOKUP(C19,'DONNÉES BRUTES'!A$3:A$90,'DONNÉES BRUTES'!B$3:B$90),"—") -> Broadcom Inc. | E19: =IFERROR(_xlfn.XLOOKUP(C19,'DONNÉES BRUTES'!A$3:A$90,'DONNÉES BRUTES'!AB$3:AB$90)&"/100","—") -> 81/100 | G19: =IFERROR(_xlfn.XLOOKUP(C19,'DONNÉES BRUTES'!A$3:A$90,'DONNÉES BRUTES'!Y$3:Y$90),"—") -> 90 | H19: =IFERROR(_xlfn.XLOOKUP(C19,'DONNÉES BRUTES'!A$3:A$90,'DONNÉES BRUTES'!Z$3:Z$90),"—") -> 85 | I19: =IFERROR(_xlfn.XLOOKUP(C19,'DONNÉES BRUTES'!A$3:A$90,'DONNÉES BRUTES'!AA$3:AA$90),"—") -> 69 | K19: =IFERROR(_xlfn.XLOOKUP(C19,'DONNÉES BRUTES'!A$3:A$90,'DONNÉES BRUTES'!N$3:N$90),"—") -> 54.3% | L19: =IFERROR(_xlfn.XLOOKUP(C19,'DONNÉES BRUTES'!A$3:A$90,'DONNÉES BRUTES'!P$3:P$90),"—") -> +23.9% | N19: =IFERROR(_xlfn.XLOOKUP(C19,'DONNÉES BRUTES'!A$3:A$90,'DONNÉES BRUTES'!AC$3:AC$90),"—") -> 2026-06-03 | O19: =IFERROR(_xlfn.XLOOKUP(C19,'DONNÉES BRUTES'!A$3:A$90,'DONNÉES BRUTES'!AD$3:AD$90),"—") -> Surpondérer
B20: 5 | C20: =IFERROR(_xlfn.XLOOKUP(LARGE('DONNÉES BRUTES'!AB$3:AB$90,5),'DONNÉES BRUTES'!AB$3:AB$90,'DONNÉES BRUTES'!A$3:A$90),"—") -> MU | D20: =IFERROR(_xlfn.XLOOKUP(C20,'DONNÉES BRUTES'!A$3:A$90,'DONNÉES BRUTES'!B$3:B$90),"—") -> Micron Technology, Inc. | E20: =IFERROR(_xlfn.XLOOKUP(C20,'DONNÉES BRUTES'!A$3:A$90,'DONNÉES BRUTES'!AB$3:AB$90)&"/100","—") -> 78/100 | G20: =IFERROR(_xlfn.XLOOKUP(C20,'DONNÉES BRUTES'!A$3:A$90,'DONNÉES BRUTES'!Y$3:Y$90),"—") -> 98 | H20: =IFERROR(_xlfn.XLOOKUP(C20,'DONNÉES BRUTES'!A$3:A$90,'DONNÉES BRUTES'!Z$3:Z$90),"—") -> 41 | I20: =IFERROR(_xlfn.XLOOKUP(C20,'DONNÉES BRUTES'!A$3:A$90,'DONNÉES BRUTES'!AA$3:AA$90),"—") -> 95 | K20: =IFERROR(_xlfn.XLOOKUP(C20,'DONNÉES BRUTES'!A$3:A$90,'DONNÉES BRUTES'!N$3:N$90),"—") -> 49.4% | L20: =IFERROR(_xlfn.XLOOKUP(C20,'DONNÉES BRUTES'!A$3:A$90,'DONNÉES BRUTES'!P$3:P$90),"—") -> +48.9% | N20: =IFERROR(_xlfn.XLOOKUP(C20,'DONNÉES BRUTES'!A$3:A$90,'DONNÉES BRUTES'!AC$3:AC$90),"—") -> — | O20: =IFERROR(_xlfn.XLOOKUP(C20,'DONNÉES BRUTES'!A$3:A$90,'DONNÉES BRUTES'!AD$3:AD$90),"—") -> Surpondérer
B21: 6 | C21: =IFERROR(_xlfn.XLOOKUP(LARGE('DONNÉES BRUTES'!AB$3:AB$90,6),'DONNÉES BRUTES'!AB$3:AB$90,'DONNÉES BRUTES'!A$3:A$90),"—") -> MU | D21: =IFERROR(_xlfn.XLOOKUP(C21,'DONNÉES BRUTES'!A$3:A$90,'DONNÉES BRUTES'!B$3:B$90),"—") -> Micron Technology, Inc. | E21: =IFERROR(_xlfn.XLOOKUP(C21,'DONNÉES BRUTES'!A$3:A$90,'DONNÉES BRUTES'!AB$3:AB$90)&"/100","—") -> 78/100 | G21: =IFERROR(_xlfn.XLOOKUP(C21,'DONNÉES BRUTES'!A$3:A$90,'DONNÉES BRUTES'!Y$3:Y$90),"—") -> 98 | H21: =IFERROR(_xlfn.XLOOKUP(C21,'DONNÉES BRUTES'!A$3:A$90,'DONNÉES BRUTES'!Z$3:Z$90),"—") -> 41 | I21: =IFERROR(_xlfn.XLOOKUP(C21,'DONNÉES BRUTES'!A$3:A$90,'DONNÉES BRUTES'!AA$3:AA$90),"—") -> 95 | K21: =IFERROR(_xlfn.XLOOKUP(C21,'DONNÉES BRUTES'!A$3:A$90,'DONNÉES BRUTES'!N$3:N$90),"—") -> 49.4% | L21: =IFERROR(_xlfn.XLOOKUP(C21,'DONNÉES BRUTES'!A$3:A$90,'DONNÉES BRUTES'!P$3:P$90),"—") -> +48.9% | N21: =IFERROR(_xlfn.XLOOKUP(C21,'DONNÉES BRUTES'!A$3:A$90,'DONNÉES BRUTES'!AC$3:AC$90),"—") -> — | O21: =IFERROR(_xlfn.XLOOKUP(C21,'DONNÉES BRUTES'!A$3:A$90,'DONNÉES BRUTES'!AD$3:AD$90),"—") -> Surpondérer
B22: 7 | C22: =IFERROR(_xlfn.XLOOKUP(LARGE('DONNÉES BRUTES'!AB$3:AB$90,7),'DONNÉES BRUTES'!AB$3:AB$90,'DONNÉES BRUTES'!A$3:A$90),"—") -> LRCX | D22: =IFERROR(_xlfn.XLOOKUP(C22,'DONNÉES BRUTES'!A$3:A$90,'DONNÉES BRUTES'!B$3:B$90),"—") -> Lam Research Corporation | E22: =IFERROR(_xlfn.XLOOKUP(C22,'DONNÉES BRUTES'!A$3:A$90,'DONNÉES BRUTES'!AB$3:AB$90)&"/100","—") -> 77/100 | G22: =IFERROR(_xlfn.XLOOKUP(C22,'DONNÉES BRUTES'!A$3:A$90,'DONNÉES BRUTES'!Y$3:Y$90),"—") -> 83 | H22: =IFERROR(_xlfn.XLOOKUP(C22,'DONNÉES BRUTES'!A$3:A$90,'DONNÉES BRUTES'!Z$3:Z$90),"—") -> 57 | I22: =IFERROR(_xlfn.XLOOKUP(C22,'DONNÉES BRUTES'!A$3:A$90,'DONNÉES BRUTES'!AA$3:AA$90),"—") -> 92 | K22: =IFERROR(_xlfn.XLOOKUP(C22,'DONNÉES BRUTES'!A$3:A$90,'DONNÉES BRUTES'!N$3:N$90),"—") -> 35.4% | L22: =IFERROR(_xlfn.XLOOKUP(C22,'DONNÉES BRUTES'!A$3:A$90,'DONNÉES BRUTES'!P$3:P$90),"—") -> +23.7% | N22: =IFERROR(_xlfn.XLOOKUP(C22,'DONNÉES BRUTES'!A$3:A$90,'DONNÉES BRUTES'!AC$3:AC$90),"—") -> 2026-04-22 | O22: =IFERROR(_xlfn.XLOOKUP(C22,'DONNÉES BRUTES'!A$3:A$90,'DONNÉES BRUTES'!AD$3:AD$90),"—") -> Surpondérer
B23: 8 | C23: =IFERROR(_xlfn.XLOOKUP(LARGE('DONNÉES BRUTES'!AB$3:AB$90,8),'DONNÉES BRUTES'!AB$3:AB$90,'DONNÉES BRUTES'!A$3:A$90),"—") -> LRCX | D23: =IFERROR(_xlfn.XLOOKUP(C23,'DONNÉES BRUTES'!A$3:A$90,'DONNÉES BRUTES'!B$3:B$90),"—") -> Lam Research Corporation | E23: =IFERROR(_xlfn.XLOOKUP(C23,'DONNÉES BRUTES'!A$3:A$90,'DONNÉES BRUTES'!AB$3:AB$90)&"/100","—") -> 77/100 | G23: =IFERROR(_xlfn.XLOOKUP(C23,'DONNÉES BRUTES'!A$3:A$90,'DONNÉES BRUTES'!Y$3:Y$90),"—") -> 83 | H23: =IFERROR(_xlfn.XLOOKUP(C23,'DONNÉES BRUTES'!A$3:A$90,'DONNÉES BRUTES'!Z$3:Z$90),"—") -> 57 | I23: =IFERROR(_xlfn.XLOOKUP(C23,'DONNÉES BRUTES'!A$3:A$90,'DONNÉES BRUTES'!AA$3:AA$90),"—") -> 92 | K23: =IFERROR(_xlfn.XLOOKUP(C23,'DONNÉES BRUTES'!A$3:A$90,'DONNÉES BRUTES'!N$3:N$90),"—") -> 35.4% | L23: =IFERROR(_xlfn.XLOOKUP(C23,'DONNÉES BRUTES'!A$3:A$90,'DONNÉES BRUTES'!P$3:P$90),"—") -> +23.7% | N23: =IFERROR(_xlfn.XLOOKUP(C23,'DONNÉES BRUTES'!A$3:A$90,'DONNÉES BRUTES'!AC$3:AC$90),"—") -> 2026-04-22 | O23: =IFERROR(_xlfn.XLOOKUP(C23,'DONNÉES BRUTES'!A$3:A$90,'DONNÉES BRUTES'!AD$3:AD$90),"—") -> Surpondérer
B24: 9 | C24: =IFERROR(_xlfn.XLOOKUP(LARGE('DONNÉES BRUTES'!AB$3:AB$90,9),'DONNÉES BRUTES'!AB$3:AB$90,'DONNÉES BRUTES'!A$3:A$90),"—") -> PTC | D24: =IFERROR(_xlfn.XLOOKUP(C24,'DONNÉES BRUTES'!A$3:A$90,'DONNÉES BRUTES'!B$3:B$90),"—") -> PTC Inc. | E24: =IFERROR(_xlfn.XLOOKUP(C24,'DONNÉES BRUTES'!A$3:A$90,'DONNÉES BRUTES'!AB$3:AB$90)&"/100","—") -> 74/100 | G24: =IFERROR(_xlfn.XLOOKUP(C24,'DONNÉES BRUTES'!A$3:A$90,'DONNÉES BRUTES'!Y$3:Y$90),"—") -> 91 | H24: =IFERROR(_xlfn.XLOOKUP(C24,'DONNÉES BRUTES'!A$3:A$90,'DONNÉES BRUTES'!Z$3:Z$90),"—") -> 94 | I24: =IFERROR(_xlfn.XLOOKUP(C24,'DONNÉES BRUTES'!A$3:A$90,'DONNÉES BRUTES'!AA$3:AA$90),"—") -> 37 | K24: =IFERROR(_xlfn.XLOOKUP(C24,'DONNÉES BRUTES'!A$3:A$90,'DONNÉES BRUTES'!N$3:N$90),"—") -> 41.3% | L24: =IFERROR(_xlfn.XLOOKUP(C24,'DONNÉES BRUTES'!A$3:A$90,'DONNÉES BRUTES'!P$3:P$90),"—") -> +19.2% | N24: =IFERROR(_xlfn.XLOOKUP(C24,'DONNÉES BRUTES'!A$3:A$90,'DONNÉES BRUTES'!AC$3:AC$90),"—") -> 2026-04-29 | O24: =IFERROR(_xlfn.XLOOKUP(C24,'DONNÉES BRUTES'!A$3:A$90,'DONNÉES BRUTES'!AD$3:AD$90),"—") -> Neutre
B25: 10 | C25: =IFERROR(_xlfn.XLOOKUP(LARGE('DONNÉES BRUTES'!AB$3:AB$90,10),'DONNÉES BRUTES'!AB$3:AB$90,'DONNÉES BRUTES'!A$3:A$90),"—") -> AMD | D25: =IFERROR(_xlfn.XLOOKUP(C25,'DONNÉES BRUTES'!A$3:A$90,'DONNÉES BRUTES'!B$3:B$90),"—") -> Advanced Micro Devices, Inc. | E25: =IFERROR(_xlfn.XLOOKUP(C25,'DONNÉES BRUTES'!A$3:A$90,'DONNÉES BRUTES'!AB$3:AB$90)&"/100","—") -> 73/100 | G25: =IFERROR(_xlfn.XLOOKUP(C25,'DONNÉES BRUTES'!A$3:A$90,'DONNÉES BRUTES'!Y$3:Y$90),"—") -> 92 | H25: =IFERROR(_xlfn.XLOOKUP(C25,'DONNÉES BRUTES'!A$3:A$90,'DONNÉES BRUTES'!Z$3:Z$90),"—") -> 40 | I25: =IFERROR(_xlfn.XLOOKUP(C25,'DONNÉES BRUTES'!A$3:A$90,'DONNÉES BRUTES'!AA$3:AA$90),"—") -> 87 | K25: =IFERROR(_xlfn.XLOOKUP(C25,'DONNÉES BRUTES'!A$3:A$90,'DONNÉES BRUTES'!N$3:N$90),"—") -> 21.0% | L25: =IFERROR(_xlfn.XLOOKUP(C25,'DONNÉES BRUTES'!A$3:A$90,'DONNÉES BRUTES'!P$3:P$90),"—") -> +34.3% | N25: =IFERROR(_xlfn.XLOOKUP(C25,'DONNÉES BRUTES'!A$3:A$90,'DONNÉES BRUTES'!AC$3:AC$90),"—") -> 2026-05-05 | O25: =IFERROR(_xlfn.XLOOKUP(C25,'DONNÉES BRUTES'!A$3:A$90,'DONNÉES BRUTES'!AD$3:AD$90),"—") -> Neutre
B27: FinSight IA · Screening Technologie · Scores calculés sur métriques Growth, Quality, Momentum · Ne constitue pas un conseil en investissement

Sheet VALUE
B1: FinSight IA · Analyse VALUE · Technology Screening · 22/03/2026 (ScoreVal N/A → classé par Score Global) | P1: Ticker | Q1: Score | S1: Ticker | T1: Mg% | V1: Ticker | W1: Altman Z | Y1: Signal | Z1: Nb
B2: Usage confidentiel · Calculs FinSight IA · Screening Technology | P2: NVDA | Q2: 88 | S2: NVDA | T2: 66.9 | V2: NVDA | W2: 13.22 | Y2: Surpondérer | Z2: 8
C3: =COUNTA('DONNÉES BRUTES'!A$3:A$90) -> 88 | H3: =IFERROR(_xlfn.XLOOKUP(LARGE('DONNÉES BRUTES'!AB$3:AB$90,1),'DONNÉES BRUTES'!AB$3:AB$90,'DONNÉES BRUTES'!A$3:A$90),"—") -> NVDA | M3: =IFERROR(ROUND(AVERAGE('DONNÉES BRUTES'!AB$3:AB$90),0)&"/100","—") -> 50/100 | P3: KLAC | Q3: 84 | S3: KLAC | T3: 43.9 | V3: KLAC | W3: 5.64 | Y3: Neutre | Z3: 29
C4: Sociétés | H4: #1 Score Global | M4: Moy. Score Score Global | P4: ANET | Q4: 83 | S4: ANET | T4: 43.6 | V4: ANET | W4: 8.46 | Y4: Sous-pondérer | Z4: 51
B5: ANALYSE DÉTAILLÉE · TECHNOLOGY · TOP 20 par Score Global · Triée par Score Score Global | P5: AVGO | Q5: 81 | S5: AVGO | T5: 54.3 | V5: AVGO | W5: 2.66
B6: # | C6: Ticker | D6: Société | F6: Score | G6: EV/EBITDA | H6: EV/Rev | I6: P/E | J6: Mg Brute | K6: Mg EBITDA | L6: Altman Z | M6: FCF Yield | N6: Signal | P6: MU | Q6: 78 | S6: MU | T6: 49.4 | V6: MU | W6: 6.1
B7: 1 | C7: =IFERROR(_xlfn.XLOOKUP(LARGE('DONNÉES BRUTES'!AB$3:AB$90,1),'DONNÉES BRUTES'!AB$3:AB$90,'DONNÉES BRUTES'!A$3:A$90),"—") -> NVDA | D7: =IFERROR(_xlfn.XLOOKUP(C7,'DONNÉES BRUTES'!A$3:A$90,'DONNÉES BRUTES'!B$3:B$90),"—") -> NVIDIA Corporation | F7: =IFERROR(_xlfn.XLOOKUP(C7,'DONNÉES BRUTES'!A$3:A$90,'DONNÉES BRUTES'!AB$3:AB$90)&"/100","—") -> 88/100 | G7: =IFERROR(_xlfn.XLOOKUP(C7,'DONNÉES BRUTES'!A$3:A$90,'DONNÉES BRUTES'!I$3:I$90),"—") -> — | H7: =IFERROR(_xlfn.XLOOKUP(C7,'DONNÉES BRUTES'!A$3:A$90,'DONNÉES BRUTES'!J$3:J$90),"—") -> — | I7: =IFERROR(_xlfn.XLOOKUP(C7,'DONNÉES BRUTES'!A$3:A$90,'DONNÉES BRUTES'!K$3:K$90),"—") -> — | J7: =IFERROR(_xlfn.XLOOKUP(C7,'DONNÉES BRUTES'!A$3:A$90,'DONNÉES BRUTES'!M$3:M$90),"—") -> 71.1% | K7: =IFERROR(_xlfn.XLOOKUP(C7,'DONNÉES BRUTES'!A$3:A$90,'DONNÉES BRUTES'!N$3:N$90),"—") -> 66.9% | L7: =IFERROR(_xlfn.XLOOKUP(C7,'DONNÉES BRUTES'!A$3:A$90,'DONNÉES BRUTES'!U$3:U$90),"—") -> 13.22 | M7: — | N7: =IFERROR(_xlfn.XLOOKUP(C7,'DONNÉES BRUTES'!A$3:A$90,'DONNÉES BRUTES'!AD$3:AD$90),"—") -> Surpondérer | P7: MPWR | Q7: 78 | S7: MPWR | T7: 28 | V7: MPWR | W7: 11.63
B8: 2 | C8: =IFERROR(_xlfn.XLOOKUP(LARGE('DONNÉES BRUTES'!AB$3:AB$90,2),'DONNÉES BRUTES'!AB$3:AB$90,'DONNÉES BRUTES'!A$3:A$90),"—") -> KLAC | D8: =IFERROR(_xlfn.XLOOKUP(C8,'DONNÉES BRUTES'!A$3:A$90,'DONNÉES BRUTES'!B$3:B$90),"—") -> KLA Corporation | F8: =IFERROR(_xlfn.XLOOKUP(C8,'DONNÉES BRUTES'!A$3:A$90,'DONNÉES BRUTES'!AB$3:AB$90)&"/100","—") -> 84/100 | G8: =IFERROR(_xlfn.XLOOKUP(C8,'DONNÉES BRUTES'!A$3:A$90,'DONNÉES BRUTES'!I$3:I$90),"—") -> — | H8: =IFERROR(_xlfn.XLOOKUP(C8,'DONNÉES BRUTES'!A$3:A$90,'DONNÉES BRUTES'!J$3:J$90),"—") -> — | I8: =IFERROR(_xlfn.XLOOKUP(C8,'DONNÉES BRUTES'!A$3:A$90,'DONNÉES BRUTES'!K$3:K$90),"—") -> — | J8: =IFERROR(_xlfn.XLOOKUP(C8,'DONNÉES BRUTES'!A$3:A$90,'DONNÉES BRUTES'!M$3:M$90),"—") -> 60.9% | K8: =IFERROR(_xlfn.XLOOKUP(C8,'DONNÉES BRUTES'!A$3:A$90,'DONNÉES BRUTES'!N$3:N$90),"—") -> 43.9% | L8: =IFERROR(_xlfn.XLOOKUP(C8,'DONNÉES BRUTES'!A$3:A$90,'DONNÉES BRUTES'!U$3:U$90),"—") -> 5.64 | M8: — | N8: =IFERROR(_xlfn.XLOOKUP(C8,'DONNÉES BRUTES'!A$3:A$90,'DONNÉES BRUTES'!AD$3:AD$90),"—") -> Surpondérer | P8: LRCX | Q8: 77 | S8: LRCX | T8: 35.4 | V8: LRCX | W8: 9.7
B9: 3 | C9: =IFERROR(_xlfn.XLOOKUP(LARGE('DONNÉES BRUTES'!AB$3:AB$90,3),'DONNÉES BRUTES'!AB$3:AB$90,'DONNÉES BRUTES'!A$3:A$90),"—") -> ANET | D9: =IFERROR(_xlfn.XLOOKUP(C9,'DONNÉES BRUTES'!A$3:A$90,'DONNÉES BRUTES'!B$3:B$90),"—") -> Arista Networks, Inc. | F9: =IFERROR(_xlfn.XLOOKUP(C9,'DONNÉES BRUTES'!A$3:A$90,'DONNÉES BRUTES'!AB$3:AB$90)&"/100","—") -> 83/100 | G9: =IFERROR(_xlfn.XLOOKUP(C9,'DONNÉES BRUTES'!A$3:A$90,'DONNÉES BRUTES'!I$3:I$90),"—") -> — | H9: =IFERROR(_xlfn.XLOOKUP(C9,'DONNÉES BRUTES'!A$3:A$90,'DONNÉES BRUTES'!J$3:J$90),"—") -> — | I9: =IFERROR(_xlfn.XLOOKUP(C9,'DONNÉES BRUTES'!A$3:A$90,'DONNÉES BRUTES'!K$3:K$90),"—") -> — | J9: =IFERROR(_xlfn.XLOOKUP(C9,'DONNÉES BRUTES'!A$3:A$90,'DONNÉES BRUTES'!M$3:M$90),"—") -> 64.1% | K9: =IFERROR(_xlfn.XLOOKUP(C9,'DONNÉES BRUTES'!A$3:A$90,'DONNÉES BRUTES'!N$3:N$90),"—") -> 43.6% | L9: =IFERROR(_xlfn.XLOOKUP(C9,'DONNÉES BRUTES'!A$3:A$90,'DONNÉES BRUTES'!U$3:U$90),"—") -> 8.46 | M9: — | N9: =IFERROR(_xlfn.XLOOKUP(C9,'DONNÉES BRUTES'!A$3:A$90,'DONNÉES BRUTES'!AD$3:AD$90),"—") -> Surpondérer | P9: WDC | Q9: 77 | S9: WDC | T9: 20.4 | V9: WDC | W9: 1.76
B10: 4 | C10: =IFERROR(_xlfn.XLOOKUP(LARGE('DONNÉES BRUTES'!AB$3:AB$90,4),'DONNÉES BRUTES'!AB$3:AB$90,'DONNÉES BRUTES'!A$3:A$90),"—") -> AVGO | D10: =IFERROR(_xlfn.XLOOKUP(C10,'DONNÉES BRUTES'!A$3:A$90,'DONNÉES BRUTES'!B$3:B$90),"—") -> Broadcom Inc. | F10: =IFERROR(_xlfn.XLOOKUP(C10,'DONNÉES BRUTES'!A$3:A$90,'DONNÉES BRUTES'!AB$3:AB$90)&"/100","—") -> 81/100 | G10: =IFERROR(_xlfn.XLOOKUP(C10,'DONNÉES BRUTES'!A$3:A$90,'DONNÉES BRUTES'!I$3:I$90),"—") -> — | H10: =IFERROR(_xlfn.XLOOKUP(C10,'DONNÉES BRUTES'!A$3:A$90,'DONNÉES BRUTES'!J$3:J$90),"—") -> — | I10: =IFERROR(_xlfn.XLOOKUP(C10,'DONNÉES BRUTES'!A$3:A$90,'DONNÉES BRUTES'!K$3:K$90),"—") -> — | J10: =IFERROR(_xlfn.XLOOKUP(C10,'DONNÉES BRUTES'!A$3:A$90,'DONNÉES BRUTES'!M$3:M$90),"—") -> 67.8% | K10: =IFERROR(_xlfn.XLOOKUP(C10,'DONNÉES BRUTES'!A$3:A$90,'DONNÉES BRUTES'!N$3:N$90),"—") -> 54.3% | L10: =IFERROR(_xlfn.XLOOKUP(C10,'DONNÉES BRUTES'!A$3:A$90,'DONNÉES BRUTES'!U$3:U$90),"—") -> 2.66 | M10: — | N10: =IFERROR(_xlfn.XLOOKUP(C10,'DONNÉES BRUTES'!A$3:A$90,'DONNÉES BRUTES'!AD$3:AD$90),"—") -> Surpondérer | P10: PTC | Q10: 74 | S10: PTC | T10: 41.3 | V10: PTC | W10: 3.62
B11: 5 | C11: =IFERROR(_xlfn.XLOOKUP(LARGE('DONNÉES BRUTES'!AB$3:AB$90,5),'DONNÉES BRUTES'!AB$3:AB$90,'DONNÉES BRUTES'!A$3:A$90),"—") -> MU | D11: =IFERROR(_xlfn.XLOOKUP(C11,'DONNÉES BRUTES'!A$3:A$90,'DONNÉES BRUTES'!B$3:B$90),"—") -> Micron Technology, Inc. | F11: =IFERROR(_xlfn.XLOOKUP(C11,'DONNÉES BRUTES'!A$3:A$90,'DONNÉES BRUTES'!AB$3:AB$90)&"/100","—") -> 78/100 | G11: =IFERROR(_xlfn.XLOOKUP(C11,'DONNÉES BRUTES'!A$3:A$90,'DONNÉES BRUTES'!I$3:I$90),"—") -> — | H11: =IFERROR(_xlfn.XLOOKUP(C11,'DONNÉES BRUTES'!A$3:A$90,'DONNÉES BRUTES'!J$3:J$90),"—") -> — | I11: =IFERROR(_xlfn.XLOOKUP(C11,'DONNÉES BRUTES'!A$3:A$90,'DONNÉES BRUTES'!K$3:K$90),"—") -> — | J11: =IFERROR(_xlfn.XLOOKUP(C11,'DONNÉES BRUTES'!A$3:A$90,'DONNÉES BRUTES'!M$3:M$90),"—") -> 39.8% | K11: =IFERROR(_xlfn.XLOOKUP(C11,'DONNÉES BRUTES'!A$3:A$90,'DONNÉES BRUTES'!N$3:N$90),"—") -> 49.4% | L11: =IFERROR(_xlfn.XLOOKUP(C11,'DONNÉES BRUTES'!A$3:A$90,'DONNÉES BRUTES'!U$3:U$90),"—") -> 6.10 | M11: — | N11: =IFERROR(_xlfn.XLOOKUP(C11,'DONNÉES BRUTES'!A$3:A$90,'DONNÉES BRUTES'!AD$3:AD$90),"—") -> Surpondérer | P11: AMD | Q11: 73 | S11: AMD | T11: 21 | V11: AMD | W11: 6.9
B12: 6 | C12: =IFERROR(_xlfn.XLOOKUP(LARGE('DONNÉES BRUTES'!AB$3:AB$90,6),'DONNÉES BRUTES'!AB$3:AB$90,'DONNÉES BRUTES'!A$3:A$90),"—") -> MU | D12: =IFERROR(_xlfn.XLOOKUP(C12,'DONNÉES BRUTES'!A$3:A$90,'DONNÉES BRUTES'!B$3:B$90),"—") -> Micron Technology, Inc. | F12: =IFERROR(_xlfn.XLOOKUP(C12,'DONNÉES BRUTES'!A$3:A$90,'DONNÉES BRUTES'!AB$3:AB$90)&"/100","—") -> 78/100 | G12: =IFERROR(_xlfn.XLOOKUP(C12,'DONNÉES BRUTES'!A$3:A$90,'DONNÉES BRUTES'!I$3:I$90),"—") -> — | H12: =IFERROR(_xlfn.XLOOKUP(C12,'DONNÉES BRUTES'!A$3:A$90,'DONNÉES BRUTES'!J$3:J$90),"—") -> — | I12: =IFERROR(_xlfn.XLOOKUP(C12,'DONNÉES BRUTES'!A$3:A$90,'DONNÉES BRUTES'!K$3:K$90),"—") -> — | J12: =IFERROR(_xlfn.XLOOKUP(C12,'DONNÉES BRUTES'!A$3:A$90,'DONNÉES BRUTES'!M$3:M$90),"—") -> 39.8% | K12: =IFERROR(_xlfn.XLOOKUP(C12,'DONNÉES BRUTES'!A$3:A$90,'DONNÉES BRUTES'!N$3:N$90),"—") -> 49.4% | L12: =IFERROR(_xlfn.XLOOKUP(C12,'DONNÉES BRUTES'!A$3:A$90,'DONNÉES BRUTES'!U$3:U$90),"—") -> 6.10 | M12: — | N12: =IFERROR(_xlfn.XLOOKUP(C12,'DONNÉES BRUTES'!A$3:A$90,'DONNÉES BRUTES'!AD$3:AD$90),"—") -> Surpondérer | P12: ASML | Q12: 72 | S12: ASML | T12: 38.4 | V12: ASML.AS | W12: 4.15
B13: 7 | C13: =IFERROR(_xlfn.XLOOKUP(LARGE('DONNÉES BRUTES'!AB$3:AB$90,7),'DONNÉES BRUTES'!AB$3:AB$90,'DONNÉES BRUTES'!A$3:A$90),"—") -> LRCX | D13: =IFERROR(_xlfn.XLOOKUP(C13,'DONNÉES BRUTES'!A$3:A$90,'DONNÉES BRUTES'!B$3:B$90),"—") -> Lam Research Corporation | F13: =IFERROR(_xlfn.XLOOKUP(C13,'DONNÉES BRUTES'!A$3:A$90,'DONNÉES BRUTES'!AB$3:AB$90)&"/100","—") -> 77/100 | G13: =IFERROR(_xlfn.XLOOKUP(C13,'DONNÉES BRUTES'!A$3:A$90,'DONNÉES BRUTES'!I$3:I$90),"—") -> — | H13: =IFERROR(_xlfn.XLOOKUP(C13,'DONNÉES BRUTES'!A$3:A$90,'DONNÉES BRUTES'!J$3:J$90),"—") -> — | I13: =IFERROR(_xlfn.XLOOKUP(C13,'DONNÉES BRUTES'!A$3:A$90,'DONNÉES BRUTES'!K$3:K$90),"—") -> — | J13: =IFERROR(_xlfn.XLOOKUP(C13,'DONNÉES BRUTES'!A$3:A$90,'DONNÉES BRUTES'!M$3:M$90),"—") -> 48.7% | K13: =IFERROR(_xlfn.XLOOKUP(C13,'DONNÉES BRUTES'!A$3:A$90,'DONNÉES BRUTES'!N$3:N$90),"—") -> 35.4% | L13: =IFERROR(_xlfn.XLOOKUP(C13,'DONNÉES BRUTES'!A$3:A$90,'DONNÉES BRUTES'!U$3:U$90),"—") -> 9.70 | M13: — | N13: =IFERROR(_xlfn.XLOOKUP(C13,'DONNÉES BRUTES'!A$3:A$90,'DONNÉES BRUTES'!AD$3:AD$90),"—") -> Surpondérer | P13: ADI | Q13: 71 | S13: ADI | T13: 45.6 | V13: ADI | W13: 4.17
B14: 8 | C14: =IFERROR(_xlfn.XLOOKUP(LARGE('DONNÉES BRUTES'!AB$3:AB$90,8),'DONNÉES BRUTES'!AB$3:AB$90,'DONNÉES BRUTES'!A$3:A$90),"—") -> LRCX | D14: =IFERROR(_xlfn.XLOOKUP(C14,'DONNÉES BRUTES'!A$3:A$90,'DONNÉES BRUTES'!B$3:B$90),"—") -> Lam Research Corporation | F14: =IFERROR(_xlfn.XLOOKUP(C14,'DONNÉES BRUTES'!A$3:A$90,'DONNÉES BRUTES'!AB$3:AB$90)&"/100","—") -> 77/100 | G14: =IFERROR(_xlfn.XLOOKUP(C14,'DONNÉES BRUTES'!A$3:A$90,'DONNÉES BRUTES'!I$3:I$90),"—") -> — | H14: =IFERROR(_xlfn.XLOOKUP(C14,'DONNÉES BRUTES'!A$3:A$90,'DONNÉES BRUTES'!J$3:J$90),"—") -> — | I14: =IFERROR(_xlfn.XLOOKUP(C14,'DONNÉES BRUTES'!A$3:A$90,'DONNÉES BRUTES'!K$3:K$90),"—") -> — | J14: =IFERROR(_xlfn.XLOOKUP(C14,'DONNÉES BRUTES'!A$3:A$90,'DONNÉES BRUTES'!M$3:M$90),"—") -> 48.7% | K14: =IFERROR(_xlfn.XLOOKUP(C14,'DONNÉES BRUTES'!A$3:A$90,'DONNÉES BRUTES'!N$3:N$90),"—") -> 35.4% | L14: =IFERROR(_xlfn.XLOOKUP(C14,'DONNÉES BRUTES'!A$3:A$90,'DONNÉES BRUTES'!U$3:U$90),"—") -> 9.70 | M14: — | N14: =IFERROR(_xlfn.XLOOKUP(C14,'DONNÉES BRUTES'!A$3:A$90,'DONNÉES BRUTES'!AD$3:AD$90),"—") -> Surpondérer | P14: GLW | Q14: 68 | S14: GLW | T14: 23.9 | V14: GLW | W14: 3.62
B15: 9 | C15: =IFERROR(_xlfn.XLOOKUP(LARGE('DONNÉES BRUTES'!AB$3:AB$90,9),'DONNÉES BRUTES'!AB$3:AB$90,'DONNÉES BRUTES'!A$3:A$90),"—") -> PTC | D15: =IFERROR(_xlfn.XLOOKUP(C15,'DONNÉES BRUTES'!A$3:A$90,'DONNÉES BRUTES'!B$3:B$90),"—") -> PTC Inc. | F15: =IFERROR(_xlfn.XLOOKUP(C15,'DONNÉES BRUTES'!A$3:A$90,'DONNÉES BRUTES'!AB$3:AB$90)&"/100","—") -> 74/100 | G15: =IFERROR(_xlfn.XLOOKUP(C15,'DONNÉES BRUTES'!A$3:A$90,'DONNÉES BRUTES'!I$3:I$90),"—") -> — | H15: =IFERROR(_xlfn.XLOOKUP(C15,'DONNÉES BRUTES'!A$3:A$90,'DONNÉES BRUTES'!J$3:J$90),"—") -> — | I15: =IFERROR(_xlfn.XLOOKUP(C15,'DONNÉES BRUTES'!A$3:A$90,'DONNÉES BRUTES'!K$3:K$90),"—") -> — | J15: =IFERROR(_xlfn.XLOOKUP(C15,'DONNÉES BRUTES'!A$3:A$90,'DONNÉES BRUTES'!M$3:M$90),"—") -> 83.8% | K15: =IFERROR(_xlfn.XLOOKUP(C15,'DONNÉES BRUTES'!A$3:A$90,'DONNÉES BRUTES'!N$3:N$90),"—") -> 41.3% | L15: =IFERROR(_xlfn.XLOOKUP(C15,'DONNÉES BRUTES'!A$3:A$90,'DONNÉES BRUTES'!U$3:U$90),"—") -> 3.62 | M15: — | N15: =IFERROR(_xlfn.XLOOKUP(C15,'DONNÉES BRUTES'!A$3:A$90,'DONNÉES BRUTES'!AD$3:AD$90),"—") -> Neutre | P15: INTC | Q15: 67 | S15: INTC | T15: 27.2 | V15: INTC | W15: 3.25
B16: 10 | C16: =IFERROR(_xlfn.XLOOKUP(LARGE('DONNÉES BRUTES'!AB$3:AB$90,10),'DONNÉES BRUTES'!AB$3:AB$90,'DONNÉES BRUTES'!A$3:A$90),"—") -> AMD | D16: =IFERROR(_xlfn.XLOOKUP(C16,'DONNÉES BRUTES'!A$3:A$90,'DONNÉES BRUTES'!B$3:B$90),"—") -> Advanced Micro Devices, Inc. | F16: =IFERROR(_xlfn.XLOOKUP(C16,'DONNÉES BRUTES'!A$3:A$90,'DONNÉES BRUTES'!AB$3:AB$90)&"/100","—") -> 73/100 | G16: =IFERROR(_xlfn.XLOOKUP(C16,'DONNÉES BRUTES'!A$3:A$90,'DONNÉES BRUTES'!I$3:I$90),"—") -> — | H16: =IFERROR(_xlfn.XLOOKUP(C16,'DONNÉES BRUTES'!A$3:A$90,'DONNÉES BRUTES'!J$3:J$90),"—") -> — | I16: =IFERROR(_xlfn.XLOOKUP(C16,'DONNÉES BRUTES'!A$3:A$90,'DONNÉES BRUTES'!K$3:K$90),"—") -> — | J16: =IFERROR(_xlfn.XLOOKUP(C16,'DONNÉES BRUTES'!A$3:A$90,'DONNÉES BRUTES'!M$3:M$90),"—") -> 49.5% | K16: =IFERROR(_xlfn.XLOOKUP(C16,'DONNÉES BRUTES'!A$3:A$90,'DONNÉES BRUTES'!N$3:N$90),"—") -> 21.0% | L16: =IFERROR(_xlfn.XLOOKUP(C16,'DONNÉES BRUTES'!A$3:A$90,'DONNÉES BRUTES'!U$3:U$90),"—") -> 6.90 | M16: — | N16: =IFERROR(_xlfn.XLOOKUP(C16,'DONNÉES BRUTES'!A$3:A$90,'DONNÉES BRUTES'!AD$3:AD$90),"—") -> Neutre | P16: KEYS | Q16: 67 | S16: KEYS | T16: 27.1 | V16: KEYS | W16: 5.33
B17: 11 | C17: =IFERROR(_xlfn.XLOOKUP(LARGE('DONNÉES BRUTES'!AB$3:AB$90,11),'DONNÉES BRUTES'!AB$3:AB$90,'DONNÉES BRUTES'!A$3:A$90),"—") -> AMD | D17: =IFERROR(_xlfn.XLOOKUP(C17,'DONNÉES BRUTES'!A$3:A$90,'DONNÉES BRUTES'!B$3:B$90),"—") -> Advanced Micro Devices, Inc. | F17: =IFERROR(_xlfn.XLOOKUP(C17,'DONNÉES BRUTES'!A$3:A$90,'DONNÉES BRUTES'!AB$3:AB$90)&"/100","—") -> 73/100 | G17: =IFERROR(_xlfn.XLOOKUP(C17,'DONNÉES BRUTES'!A$3:A$90,'DONNÉES BRUTES'!I$3:I$90),"—") -> — | H17: =IFERROR(_xlfn.XLOOKUP(C17,'DONNÉES BRUTES'!A$3:A$90,'DONNÉES BRUTES'!J$3:J$90),"—") -> — | I17: =IFERROR(_xlfn.XLOOKUP(C17,'DONNÉES BRUTES'!A$3:A$90,'DONNÉES BRUTES'!K$3:K$90),"—") -> — | J17: =IFERROR(_xlfn.XLOOKUP(C17,'DONNÉES BRUTES'!A$3:A$90,'DONNÉES BRUTES'!M$3:M$90),"—") -> 49.5% | K17: =IFERROR(_xlfn.XLOOKUP(C17,'DONNÉES BRUTES'!A$3:A$90,'DONNÉES BRUTES'!N$3:N$90),"—") -> 21.0% | L17: =IFERROR(_xlfn.XLOOKUP(C17,'DONNÉES BRUTES'!A$3:A$90,'DONNÉES BRUTES'!U$3:U$90),"—") -> 6.90 | M17: — | N17: =IFERROR(_xlfn.XLOOKUP(C17,'DONNÉES BRUTES'!A$3:A$90,'DONNÉES BRUTES'!AD$3:AD$90),"—") -> Neutre | P17: APH | Q17: 66 | S17: APH | T17: 29.8 | V17: APH | W17: 5.05
B18: 12 | C18: =IFERROR(_xlfn.XLOOKUP(LARGE('DONNÉES BRUTES'!AB$3:AB$90,12),'DONNÉES BRUTES'!AB$3:AB$90,'DONNÉES BRUTES'!A$3:A$90),"—") -> ASML.AS | D18: =IFERROR(_xlfn.XLOOKUP(C18,'DONNÉES BRUTES'!A$3:A$90,'DONNÉES BRUTES'!B$3:B$90),"—") -> ASML Holding N.V. | F18: =IFERROR(_xlfn.XLOOKUP(C18,'DONNÉES BRUTES'!A$3:A$90,'DONNÉES BRUTES'!AB$3:AB$90)&"/100","—") -> 72/100 | G18: =IFERROR(_xlfn.XLOOKUP(C18,'DONNÉES BRUTES'!A$3:A$90,'DONNÉES BRUTES'!I$3:I$90),"—") -> — | H18: =IFERROR(_xlfn.XLOOKUP(C18,'DONNÉES BRUTES'!A$3:A$90,'DONNÉES BRUTES'!J$3:J$90),"—") -> — | I18: =IFERROR(_xlfn.XLOOKUP(C18,'DONNÉES BRUTES'!A$3:A$90,'DONNÉES BRUTES'!K$3:K$90),"—") -> — | J18: =IFERROR(_xlfn.XLOOKUP(C18,'DONNÉES BRUTES'!A$3:A$90,'DONNÉES BRUTES'!M$3:M$90),"—") -> 52.8% | K18: =IFERROR(_xlfn.XLOOKUP(C18,'DONNÉES BRUTES'!A$3:A$90,'DONNÉES BRUTES'!N$3:N$90),"—") -> 38.4% | L18: =IFERROR(_xlfn.XLOOKUP(C18,'DONNÉES BRUTES'!A$3:A$90,'DONNÉES BRUTES'!U$3:U$90),"—") -> 4.15 | M18: — | N18: =IFERROR(_xlfn.XLOOKUP(C18,'DONNÉES BRUTES'!A$3:A$90,'DONNÉES BRUTES'!AD$3:AD$90),"—") -> Neutre | P18: CDNS | Q18: 66 | S18: CDNS | T18: 35.4 | V18: CDNS | W18: 6.55
B19: 13 | C19: =IFERROR(_xlfn.XLOOKUP(LARGE('DONNÉES BRUTES'!AB$3:AB$90,13),'DONNÉES BRUTES'!AB$3:AB$90,'DONNÉES BRUTES'!A$3:A$90),"—") -> ADI | D19: =IFERROR(_xlfn.XLOOKUP(C19,'DONNÉES BRUTES'!A$3:A$90,'DONNÉES BRUTES'!B$3:B$90),"—") -> Analog Devices, Inc. | F19: =IFERROR(_xlfn.XLOOKUP(C19,'DONNÉES BRUTES'!A$3:A$90,'DONNÉES BRUTES'!AB$3:AB$90)&"/100","—") -> 71/100 | G19: =IFERROR(_xlfn.XLOOKUP(C19,'DONNÉES BRUTES'!A$3:A$90,'DONNÉES BRUTES'!I$3:I$90),"—") -> — | H19: =IFERROR(_xlfn.XLOOKUP(C19,'DONNÉES BRUTES'!A$3:A$90,'DONNÉES BRUTES'!J$3:J$90),"—") -> — | I19: =IFERROR(_xlfn.XLOOKUP(C19,'DONNÉES BRUTES'!A$3:A$90,'DONNÉES BRUTES'!K$3:K$90),"—") -> — | J19: =IFERROR(_xlfn.XLOOKUP(C19,'DONNÉES BRUTES'!A$3:A$90,'DONNÉES BRUTES'!M$3:M$90),"—") -> 61.5% | K19: =IFERROR(_xlfn.XLOOKUP(C19,'DONNÉES BRUTES'!A$3:A$90,'DONNÉES BRUTES'!N$3:N$90),"—") -> 45.6% | L19: =IFERROR(_xlfn.XLOOKUP(C19,'DONNÉES BRUTES'!A$3:A$90,'DONNÉES BRUTES'!U$3:U$90),"—") -> 4.17 | M19: — | N19: =IFERROR(_xlfn.XLOOKUP(C19,'DONNÉES BRUTES'!A$3:A$90,'DONNÉES BRUTES'!AD$3:AD$90),"—") -> Neutre | P19: SNPS | Q19: 66 | S19: SNPS | T19: 35.4 | V19: SNPS | W19: 2.76
B20: 14 | C20: =IFERROR(_xlfn.XLOOKUP(LARGE('DONNÉES BRUTES'!AB$3:AB$90,14),'DONNÉES BRUTES'!AB$3:AB$90,'DONNÉES BRUTES'!A$3:A$90),"—") -> GLW | D20: =IFERROR(_xlfn.XLOOKUP(C20,'DONNÉES BRUTES'!A$3:A$90,'DONNÉES BRUTES'!B$3:B$90),"—") -> Corning Incorporated | F20: =IFERROR(_xlfn.XLOOKUP(C20,'DONNÉES BRUTES'!A$3:A$90,'DONNÉES BRUTES'!AB$3:AB$90)&"/100","—") -> 68/100 | G20: =IFERROR(_xlfn.XLOOKUP(C20,'DONNÉES BRUTES'!A$3:A$90,'DONNÉES BRUTES'!I$3:I$90),"—") -> — | H20: =IFERROR(_xlfn.XLOOKUP(C20,'DONNÉES BRUTES'!A$3:A$90,'DONNÉES BRUTES'!J$3:J$90),"—") -> — | I20: =IFERROR(_xlfn.XLOOKUP(C20,'DONNÉES BRUTES'!A$3:A$90,'DONNÉES BRUTES'!K$3:K$90),"—") -> — | J20: =IFERROR(_xlfn.XLOOKUP(C20,'DONNÉES BRUTES'!A$3:A$90,'DONNÉES BRUTES'!M$3:M$90),"—") -> 36.0% | K20: =IFERROR(_xlfn.XLOOKUP(C20,'DONNÉES BRUTES'!A$3:A$90,'DONNÉES BRUTES'!N$3:N$90),"—") -> 23.9% | L20: =IFERROR(_xlfn.XLOOKUP(C20,'DONNÉES BRUTES'!A$3:A$90,'DONNÉES BRUTES'!U$3:U$90),"—") -> 3.62 | M20: — | N20: =IFERROR(_xlfn.XLOOKUP(C20,'DONNÉES BRUTES'!A$3:A$90,'DONNÉES BRUTES'!AD$3:AD$90),"—") -> Neutre | P20: TER | Q20: 66 | S20: TER | T20: 24.7 | V20: TER | W20: 5.06
B21: 15 | C21: =IFERROR(_xlfn.XLOOKUP(LARGE('DONNÉES BRUTES'!AB$3:AB$90,15),'DONNÉES BRUTES'!AB$3:AB$90,'DONNÉES BRUTES'!A$3:A$90),"—") -> INTC | D21: =IFERROR(_xlfn.XLOOKUP(C21,'DONNÉES BRUTES'!A$3:A$90,'DONNÉES BRUTES'!B$3:B$90),"—") -> Intel Corporation | F21: =IFERROR(_xlfn.XLOOKUP(C21,'DONNÉES BRUTES'!A$3:A$90,'DONNÉES BRUTES'!AB$3:AB$90)&"/100","—") -> 67/100 | G21: =IFERROR(_xlfn.XLOOKUP(C21,'DONNÉES BRUTES'!A$3:A$90,'DONNÉES BRUTES'!I$3:I$90),"—") -> — | H21: =IFERROR(_xlfn.XLOOKUP(C21,'DONNÉES BRUTES'!A$3:A$90,'DONNÉES BRUTES'!J$3:J$90),"—") -> — | I21: =IFERROR(_xlfn.XLOOKUP(C21,'DONNÉES BRUTES'!A$3:A$90,'DONNÉES BRUTES'!K$3:K$90),"—") -> — | J21: =IFERROR(_xlfn.XLOOKUP(C21,'DONNÉES BRUTES'!A$3:A$90,'DONNÉES BRUTES'!M$3:M$90),"—") -> 34.8% | K21: =IFERROR(_xlfn.XLOOKUP(C21,'DONNÉES BRUTES'!A$3:A$90,'DONNÉES BRUTES'!N$3:N$90),"—") -> 27.2% | L21: =IFERROR(_xlfn.XLOOKUP(C21,'DONNÉES BRUTES'!A$3:A$90,'DONNÉES BRUTES'!U$3:U$90),"—") -> 3.25 | M21: — | N21: =IFERROR(_xlfn.XLOOKUP(C21,'DONNÉES BRUTES'!A$3:A$90,'DONNÉES BRUTES'!AD$3:AD$90),"—") -> Neutre | P21: ADSK | Q21: 65 | S21: ADSK | T21: 27.6 | V21: ADSK | W21: 0.48
B22: 16 | C22: =IFERROR(_xlfn.XLOOKUP(LARGE('DONNÉES BRUTES'!AB$3:AB$90,16),'DONNÉES BRUTES'!AB$3:AB$90,'DONNÉES BRUTES'!A$3:A$90),"—") -> INTC | D22: =IFERROR(_xlfn.XLOOKUP(C22,'DONNÉES BRUTES'!A$3:A$90,'DONNÉES BRUTES'!B$3:B$90),"—") -> Intel Corporation | F22: =IFERROR(_xlfn.XLOOKUP(C22,'DONNÉES BRUTES'!A$3:A$90,'DONNÉES BRUTES'!AB$3:AB$90)&"/100","—") -> 67/100 | G22: =IFERROR(_xlfn.XLOOKUP(C22,'DONNÉES BRUTES'!A$3:A$90,'DONNÉES BRUTES'!I$3:I$90),"—") -> — | H22: =IFERROR(_xlfn.XLOOKUP(C22,'DONNÉES BRUTES'!A$3:A$90,'DONNÉES BRUTES'!J$3:J$90),"—") -> — | I22: =IFERROR(_xlfn.XLOOKUP(C22,'DONNÉES BRUTES'!A$3:A$90,'DONNÉES BRUTES'!K$3:K$90),"—") -> — | J22: =IFERROR(_xlfn.XLOOKUP(C22,'DONNÉES BRUTES'!A$3:A$90,'DONNÉES BRUTES'!M$3:M$90),"—") -> 34.8% | K22: =IFERROR(_xlfn.XLOOKUP(C22,'DONNÉES BRUTES'!A$3:A$90,'DONNÉES BRUTES'!N$3:N$90),"—") -> 27.2% | L22: =IFERROR(_xlfn.XLOOKUP(C22,'DONNÉES BRUTES'!A$3:A$90,'DONNÉES BRUTES'!U$3:U$90),"—") -> 3.25 | M22: — | N22: =IFERROR(_xlfn.XLOOKUP(C22,'DONNÉES BRUTES'!A$3:A$90,'DONNÉES BRUTES'!AD$3:AD$90),"—") -> Neutre
B23: 17 | C23: =IFERROR(_xlfn.XLOOKUP(LARGE('DONNÉES BRUTES'!AB$3:AB$90,17),'DONNÉES BRUTES'!AB$3:AB$90,'DONNÉES BRUTES'!A$3:A$90),"—") -> APH | D23: =IFERROR(_xlfn.XLOOKUP(C23,'DONNÉES BRUTES'!A$3:A$90,'DONNÉES BRUTES'!B$3:B$90),"—") -> Amphenol Corporation | F23: =IFERROR(_xlfn.XLOOKUP(C23,'DONNÉES BRUTES'!A$3:A$90,'DONNÉES BRUTES'!AB$3:AB$90)&"/100","—") -> 66/100 | G23: =IFERROR(_xlfn.XLOOKUP(C23,'DONNÉES BRUTES'!A$3:A$90,'DONNÉES BRUTES'!I$3:I$90),"—") -> — | H23: =IFERROR(_xlfn.XLOOKUP(C23,'DONNÉES BRUTES'!A$3:A$90,'DONNÉES BRUTES'!J$3:J$90),"—") -> — | I23: =IFERROR(_xlfn.XLOOKUP(C23,'DONNÉES BRUTES'!A$3:A$90,'DONNÉES BRUTES'!K$3:K$90),"—") -> — | J23: =IFERROR(_xlfn.XLOOKUP(C23,'DONNÉES BRUTES'!A$3:A$90,'DONNÉES BRUTES'!M$3:M$90),"—") -> 36.9% | K23: =IFERROR(_xlfn.XLOOKUP(C23,'DONNÉES BRUTES'!A$3:A$90,'DONNÉES BRUTES'!N$3:N$90),"—") -> 29.8% | L23: =IFERROR(_xlfn.XLOOKUP(C23,'DONNÉES BRUTES'!A$3:A$90,'DONNÉES BRUTES'!U$3:U$90),"—") -> 5.05 | M23: — | N23: =IFERROR(_xlfn.XLOOKUP(C23,'DONNÉES BRUTES'!A$3:A$90,'DONNÉES BRUTES'!AD$3:AD$90),"—") -> Neutre
B24: 18 | C24: =IFERROR(_xlfn.XLOOKUP(LARGE('DONNÉES BRUTES'!AB$3:AB$90,18),'DONNÉES BRUTES'!AB$3:AB$90,'DONNÉES BRUTES'!A$3:A$90),"—") -> APH | D24: =IFERROR(_xlfn.XLOOKUP(C24,'DONNÉES BRUTES'!A$3:A$90,'DONNÉES BRUTES'!B$3:B$90),"—") -> Amphenol Corporation | F24: =IFERROR(_xlfn.XLOOKUP(C24,'DONNÉES BRUTES'!A$3:A$90,'DONNÉES BRUTES'!AB$3:AB$90)&"/100","—") -> 66/100 | G24: =IFERROR(_xlfn.XLOOKUP(C24,'DONNÉES BRUTES'!A$3:A$90,'DONNÉES BRUTES'!I$3:I$90),"—") -> — | H24: =IFERROR(_xlfn.XLOOKUP(C24,'DONNÉES BRUTES'!A$3:A$90,'DONNÉES BRUTES'!J$3:J$90),"—") -> — | I24: =IFERROR(_xlfn.XLOOKUP(C24,'DONNÉES BRUTES'!A$3:A$90,'DONNÉES BRUTES'!K$3:K$90),"—") -> — | J24: =IFERROR(_xlfn.XLOOKUP(C24,'DONNÉES BRUTES'!A$3:A$90,'DONNÉES BRUTES'!M$3:M$90),"—") -> 36.9% | K24: =IFERROR(_xlfn.XLOOKUP(C24,'DONNÉES BRUTES'!A$3:A$90,'DONNÉES BRUTES'!N$3:N$90),"—") -> 29.8% | L24: =IFERROR(_xlfn.XLOOKUP(C24,'DONNÉES BRUTES'!A$3:A$90,'DONNÉES BRUTES'!U$3:U$90),"—") -> 5.05 | M24: — | N24: =IFERROR(_xlfn.XLOOKUP(C24,'DONNÉES BRUTES'!A$3:A$90,'DONNÉES BRUTES'!AD$3:AD$90),"—") -> Neutre
B25: 19 | C25: =IFERROR(_xlfn.XLOOKUP(LARGE('DONNÉES BRUTES'!AB$3:AB$90,19),'DONNÉES BRUTES'!AB$3:AB$90,'DONNÉES BRUTES'!A$3:A$90),"—") -> APH | D25: =IFERROR(_xlfn.XLOOKUP(C25,'DONNÉES BRUTES'!A$3:A$90,'DONNÉES BRUTES'!B$3:B$90),"—") -> Amphenol Corporation | F25: =IFERROR(_xlfn.XLOOKUP(C25,'DONNÉES BRUTES'!A$3:A$90,'DONNÉES BRUTES'!AB$3:AB$90)&"/100","—") -> 66/100 | G25: =IFERROR(_xlfn.XLOOKUP(C25,'DONNÉES BRUTES'!A$3:A$90,'DONNÉES BRUTES'!I$3:I$90),"—") -> — | H25: =IFERROR(_xlfn.XLOOKUP(C25,'DONNÉES BRUTES'!A$3:A$90,'DONNÉES BRUTES'!J$3:J$90),"—") -> — | I25: =IFERROR(_xlfn.XLOOKUP(C25,'DONNÉES BRUTES'!A$3:A$90,'DONNÉES BRUTES'!K$3:K$90),"—") -> — | J25: =IFERROR(_xlfn.XLOOKUP(C25,'DONNÉES BRUTES'!A$3:A$90,'DONNÉES BRUTES'!M$3:M$90),"—") -> 36.9% | K25: =IFERROR(_xlfn.XLOOKUP(C25,'DONNÉES BRUTES'!A$3:A$90,'DONNÉES BRUTES'!N$3:N$90),"—") -> 29.8% | L25: =IFERROR(_xlfn.XLOOKUP(C25,'DONNÉES BRUTES'!A$3:A$90,'DONNÉES BRUTES'!U$3:U$90),"—") -> 5.05 | M25: — | N25: =IFERROR(_xlfn.XLOOKUP(C25,'DONNÉES BRUTES'!A$3:A$90,'DONNÉES BRUTES'!AD$3:AD$90),"—") -> Neutre
B26: 20 | C26: =IFERROR(_xlfn.XLOOKUP(LARGE('DONNÉES BRUTES'!AB$3:AB$90,20),'DONNÉES BRUTES'!AB$3:AB$90,'DONNÉES BRUTES'!A$3:A$90),"—") -> APH | D26: =IFERROR(_xlfn.XLOOKUP(C26,'DONNÉES BRUTES'!A$3:A$90,'DONNÉES BRUTES'!B$3:B$90),"—") -> Amphenol Corporation | F26: =IFERROR(_xlfn.XLOOKUP(C26,'DONNÉES BRUTES'!A$3:A$90,'DONNÉES BRUTES'!AB$3:AB$90)&"/100","—") -> 66/100 | G26: =IFERROR(_xlfn.XLOOKUP(C26,'DONNÉES BRUTES'!A$3:A$90,'DONNÉES BRUTES'!I$3:I$90),"—") -> — | H26: =IFERROR(_xlfn.XLOOKUP(C26,'DONNÉES BRUTES'!A$3:A$90,'DONNÉES BRUTES'!J$3:J$90),"—") -> — | I26: =IFERROR(_xlfn.XLOOKUP(C26,'DONNÉES BRUTES'!A$3:A$90,'DONNÉES BRUTES'!K$3:K$90),"—") -> — | J26: =IFERROR(_xlfn.XLOOKUP(C26,'DONNÉES BRUTES'!A$3:A$90,'DONNÉES BRUTES'!M$3:M$90),"—") -> 36.9% | K26: =IFERROR(_xlfn.XLOOKUP(C26,'DONNÉES BRUTES'!A$3:A$90,'DONNÉES BRUTES'!N$3:N$90),"—") -> 29.8% | L26: =IFERROR(_xlfn.XLOOKUP(C26,'DONNÉES BRUTES'!A$3:A$90,'DONNÉES BRUTES'!U$3:U$90),"—") -> 5.05 | M26: — | N26: =IFERROR(_xlfn.XLOOKUP(C26,'DONNÉES BRUTES'!A$3:A$90,'DONNÉES BRUTES'!AD$3:AD$90),"—") -> Neutre
B28: FinSight IA · Screening Technology · Ne constitue pas un conseil en investissement

Sheet GROWTH
B1: FinSight IA · Analyse GROWTH · Technology Screening · 22/03/2026 | N1: Ticker | O1: Score | Q1: Ticker | R1: Rev% | T1: Ticker | U1: Mg EBITDA (%) | W1: Score Growth | X1: Score Global | Z1: Signal | AA1: Nb
B2: Usage confidentiel · Calculs FinSight IA · Screening Technology | N2: INTC | O2: 100 | Q2: INTC | R2: -0.5 | T2: INTC | U2: 27.2 | W2: 100 | X2: 67 | Z2: Surpondérer | AA2: 8
C3: =COUNTA('DONNÉES BRUTES'!A$3:A$90) -> 88 | G3: =IFERROR(_xlfn.XLOOKUP(LARGE('DONNÉES BRUTES'!Y$3:Y$90,1),'DONNÉES BRUTES'!Y$3:Y$90,'DONNÉES BRUTES'!A$3:A$90),"—") -> INTC | L3: =IFERROR(ROUND(AVERAGE('DONNÉES BRUTES'!Y$3:Y$90),0)&"/100","—") -> 49/100 | N3: WDC | O3: 99 | Q3: WDC | R3: 50.7 | T3: WDC | U3: 20.4 | W3: 99 | X3: 77 | Z3: Neutre | AA3: 29
C4: Sociétés | G4: #1 Growth | L4: Moy. Score Growth | N4: MU | O4: 98 | Q4: MU | R4: 48.9 | T4: MU | U4: 49.4 | W4: 98 | X4: 78 | Z4: Sous-pondérer | AA4: 51
B5: ANALYSE DÉTAILLÉE · TECHNOLOGY · TOP 20 par Growth · Triée par Score Growth | N5: STX | O5: 97 | Q5: STX | R5: 38.9 | T5: STX | U5: 22.9 | W5: 97 | X5: 73
B6: # | C6: Ticker | D6: Société | F6: Score | G6: Croiss. Rev | H6: Mg EBITDA | I6: Mg Nette | J6: ROE | K6: Score Global | L6: Next Earn. | M6: Signal | N6: NVDA | O6: 95 | Q6: NVDA | R6: 65.5 | T6: NVDA | U6: 66.9 | W6: 95 | X6: 88
B7: 1 | C7: =IFERROR(_xlfn.XLOOKUP(LARGE('DONNÉES BRUTES'!Y$3:Y$90,1),'DONNÉES BRUTES'!Y$3:Y$90,'DONNÉES BRUTES'!A$3:A$90),"—") -> INTC | D7: =IFERROR(_xlfn.XLOOKUP(C7,'DONNÉES BRUTES'!A$3:A$90,'DONNÉES BRUTES'!B$3:B$90),"—") -> Intel Corporation | F7: =IFERROR(_xlfn.XLOOKUP(C7,'DONNÉES BRUTES'!A$3:A$90,'DONNÉES BRUTES'!Y$3:Y$90)&"/100","—") -> 100/100 | G7: =IFERROR(_xlfn.XLOOKUP(C7,'DONNÉES BRUTES'!A$3:A$90,'DONNÉES BRUTES'!P$3:P$90),"—") -> -0.5% | H7: =IFERROR(_xlfn.XLOOKUP(C7,'DONNÉES BRUTES'!A$3:A$90,'DONNÉES BRUTES'!N$3:N$90),"—") -> 27.2% | I7: =IFERROR(_xlfn.XLOOKUP(C7,'DONNÉES BRUTES'!A$3:A$90,'DONNÉES BRUTES'!O$3:O$90),"—") -> -0.5% | J7: =IFERROR(_xlfn.XLOOKUP(C7,'DONNÉES BRUTES'!A$3:A$90,'DONNÉES BRUTES'!Q$3:Q$90),"—") -> -0.2% | K7: =IFERROR(_xlfn.XLOOKUP(C7,'DONNÉES BRUTES'!A$3:A$90,'DONNÉES BRUTES'!AB$3:AB$90),"—") -> 67 | L7: =IFERROR(_xlfn.XLOOKUP(C7,'DONNÉES BRUTES'!A$3:A$90,'DONNÉES BRUTES'!AC$3:AC$90),"—") -> 2026-04-23 | M7: =IFERROR(_xlfn.XLOOKUP(C7,'DONNÉES BRUTES'!A$3:A$90,'DONNÉES BRUTES'!AD$3:AD$90),"—") -> Neutre | N7: APH | O7: 94 | Q7: APH | R7: 51.7 | T7: APH | U7: 29.8 | W7: 94 | X7: 66
B8: 2 | C8: =IFERROR(_xlfn.XLOOKUP(LARGE('DONNÉES BRUTES'!Y$3:Y$90,2),'DONNÉES BRUTES'!Y$3:Y$90,'DONNÉES BRUTES'!A$3:A$90),"—") -> WDC | D8: =IFERROR(_xlfn.XLOOKUP(C8,'DONNÉES BRUTES'!A$3:A$90,'DONNÉES BRUTES'!B$3:B$90),"—") -> Western Digital Corporation | F8: =IFERROR(_xlfn.XLOOKUP(C8,'DONNÉES BRUTES'!A$3:A$90,'DONNÉES BRUTES'!Y$3:Y$90)&"/100","—") -> 99/100 | G8: =IFERROR(_xlfn.XLOOKUP(C8,'DONNÉES BRUTES'!A$3:A$90,'DONNÉES BRUTES'!P$3:P$90),"—") -> +50.7% | H8: =IFERROR(_xlfn.XLOOKUP(C8,'DONNÉES BRUTES'!A$3:A$90,'DONNÉES BRUTES'!N$3:N$90),"—") -> 20.4% | I8: =IFERROR(_xlfn.XLOOKUP(C8,'DONNÉES BRUTES'!A$3:A$90,'DONNÉES BRUTES'!O$3:O$90),"—") -> 19.5% | J8: =IFERROR(_xlfn.XLOOKUP(C8,'DONNÉES BRUTES'!A$3:A$90,'DONNÉES BRUTES'!Q$3:Q$90),"—") -> +35.0% | K8: =IFERROR(_xlfn.XLOOKUP(C8,'DONNÉES BRUTES'!A$3:A$90,'DONNÉES BRUTES'!AB$3:AB$90),"—") -> 77 | L8: =IFERROR(_xlfn.XLOOKUP(C8,'DONNÉES BRUTES'!A$3:A$90,'DONNÉES BRUTES'!AC$3:AC$90),"—") -> 2026-05-06 | M8: =IFERROR(_xlfn.XLOOKUP(C8,'DONNÉES BRUTES'!A$3:A$90,'DONNÉES BRUTES'!AD$3:AD$90),"—") -> Surpondérer | N8: SAP.DE | O8: 93 | Q8: SAP.DE | R8: 7.7 | T8: SAP.DE | U8: 32.8 | W8: 93 | X8: 59
B9: 3 | C9: =IFERROR(_xlfn.XLOOKUP(LARGE('DONNÉES BRUTES'!Y$3:Y$90,3),'DONNÉES BRUTES'!Y$3:Y$90,'DONNÉES BRUTES'!A$3:A$90),"—") -> MU | D9: =IFERROR(_xlfn.XLOOKUP(C9,'DONNÉES BRUTES'!A$3:A$90,'DONNÉES BRUTES'!B$3:B$90),"—") -> Micron Technology, Inc. | F9: =IFERROR(_xlfn.XLOOKUP(C9,'DONNÉES BRUTES'!A$3:A$90,'DONNÉES BRUTES'!Y$3:Y$90)&"/100","—") -> 98/100 | G9: =IFERROR(_xlfn.XLOOKUP(C9,'DONNÉES BRUTES'!A$3:A$90,'DONNÉES BRUTES'!P$3:P$90),"—") -> +48.9% | H9: =IFERROR(_xlfn.XLOOKUP(C9,'DONNÉES BRUTES'!A$3:A$90,'DONNÉES BRUTES'!N$3:N$90),"—") -> 49.4% | I9: =IFERROR(_xlfn.XLOOKUP(C9,'DONNÉES BRUTES'!A$3:A$90,'DONNÉES BRUTES'!O$3:O$90),"—") -> 22.8% | J9: =IFERROR(_xlfn.XLOOKUP(C9,'DONNÉES BRUTES'!A$3:A$90,'DONNÉES BRUTES'!Q$3:Q$90),"—") -> +15.8% | K9: =IFERROR(_xlfn.XLOOKUP(C9,'DONNÉES BRUTES'!A$3:A$90,'DONNÉES BRUTES'!AB$3:AB$90),"—") -> 78 | L9: =IFERROR(_xlfn.XLOOKUP(C9,'DONNÉES BRUTES'!A$3:A$90,'DONNÉES BRUTES'!AC$3:AC$90),"—") -> — | M9: =IFERROR(_xlfn.XLOOKUP(C9,'DONNÉES BRUTES'!A$3:A$90,'DONNÉES BRUTES'!AD$3:AD$90),"—") -> Surpondérer | N9: AMD | O9: 92 | Q9: AMD | R9: 34.3 | T9: AMD | U9: 21 | W9: 92 | X9: 73
B10: 4 | C10: =IFERROR(_xlfn.XLOOKUP(LARGE('DONNÉES BRUTES'!Y$3:Y$90,4),'DONNÉES BRUTES'!Y$3:Y$90,'DONNÉES BRUTES'!A$3:A$90),"—") -> STX | D10: =IFERROR(_xlfn.XLOOKUP(C10,'DONNÉES BRUTES'!A$3:A$90,'DONNÉES BRUTES'!B$3:B$90),"—") -> Seagate Technology Holdings plc | F10: =IFERROR(_xlfn.XLOOKUP(C10,'DONNÉES BRUTES'!A$3:A$90,'DONNÉES BRUTES'!Y$3:Y$90)&"/100","—") -> 97/100 | G10: =IFERROR(_xlfn.XLOOKUP(C10,'DONNÉES BRUTES'!A$3:A$90,'DONNÉES BRUTES'!P$3:P$90),"—") -> +38.9% | H10: =IFERROR(_xlfn.XLOOKUP(C10,'DONNÉES BRUTES'!A$3:A$90,'DONNÉES BRUTES'!N$3:N$90),"—") -> 22.9% | I10: =IFERROR(_xlfn.XLOOKUP(C10,'DONNÉES BRUTES'!A$3:A$90,'DONNÉES BRUTES'!O$3:O$90),"—") -> 16.1% | J10: =IFERROR(_xlfn.XLOOKUP(C10,'DONNÉES BRUTES'!A$3:A$90,'DONNÉES BRUTES'!Q$3:Q$90),"—") -> -324.3% | K10: =IFERROR(_xlfn.XLOOKUP(C10,'DONNÉES BRUTES'!A$3:A$90,'DONNÉES BRUTES'!AB$3:AB$90),"—") -> 73 | L10: =IFERROR(_xlfn.XLOOKUP(C10,'DONNÉES BRUTES'!A$3:A$90,'DONNÉES BRUTES'!AC$3:AC$90),"—") -> 2026-05-05 | M10: =IFERROR(_xlfn.XLOOKUP(C10,'DONNÉES BRUTES'!A$3:A$90,'DONNÉES BRUTES'!AD$3:AD$90),"—") -> Neutre | N10: PTC | O10: 91 | Q10: PTC | R10: 19.2 | T10: PTC | U10: 41.3 | W10: 91 | X10: 74
B11: 5 | C11: =IFERROR(_xlfn.XLOOKUP(LARGE('DONNÉES BRUTES'!Y$3:Y$90,5),'DONNÉES BRUTES'!Y$3:Y$90,'DONNÉES BRUTES'!A$3:A$90),"—") -> NVDA | D11: =IFERROR(_xlfn.XLOOKUP(C11,'DONNÉES BRUTES'!A$3:A$90,'DONNÉES BRUTES'!B$3:B$90),"—") -> NVIDIA Corporation | F11: =IFERROR(_xlfn.XLOOKUP(C11,'DONNÉES BRUTES'!A$3:A$90,'DONNÉES BRUTES'!Y$3:Y$90)&"/100","—") -> 95/100 | G11: =IFERROR(_xlfn.XLOOKUP(C11,'DONNÉES BRUTES'!A$3:A$90,'DONNÉES BRUTES'!P$3:P$90),"—") -> +65.5% | H11: =IFERROR(_xlfn.XLOOKUP(C11,'DONNÉES BRUTES'!A$3:A$90,'DONNÉES BRUTES'!N$3:N$90),"—") -> 66.9% | I11: =IFERROR(_xlfn.XLOOKUP(C11,'DONNÉES BRUTES'!A$3:A$90,'DONNÉES BRUTES'!O$3:O$90),"—") -> 55.6% | J11: =IFERROR(_xlfn.XLOOKUP(C11,'DONNÉES BRUTES'!A$3:A$90,'DONNÉES BRUTES'!Q$3:Q$90),"—") -> +76.3% | K11: =IFERROR(_xlfn.XLOOKUP(C11,'DONNÉES BRUTES'!A$3:A$90,'DONNÉES BRUTES'!AB$3:AB$90),"—") -> 88 | L11: =IFERROR(_xlfn.XLOOKUP(C11,'DONNÉES BRUTES'!A$3:A$90,'DONNÉES BRUTES'!AC$3:AC$90),"—") -> 2026-05-20 | M11: =IFERROR(_xlfn.XLOOKUP(C11,'DONNÉES BRUTES'!A$3:A$90,'DONNÉES BRUTES'!AD$3:AD$90),"—") -> Surpondérer | N11: AVGO | O11: 90 | Q11: AVGO | R11: 23.9 | T11: AVGO | U11: 54.3 | W11: 90 | X11: 81
B12: 6 | C12: =IFERROR(_xlfn.XLOOKUP(LARGE('DONNÉES BRUTES'!Y$3:Y$90,6),'DONNÉES BRUTES'!Y$3:Y$90,'DONNÉES BRUTES'!A$3:A$90),"—") -> APH | D12: =IFERROR(_xlfn.XLOOKUP(C12,'DONNÉES BRUTES'!A$3:A$90,'DONNÉES BRUTES'!B$3:B$90),"—") -> Amphenol Corporation | F12: =IFERROR(_xlfn.XLOOKUP(C12,'DONNÉES BRUTES'!A$3:A$90,'DONNÉES BRUTES'!Y$3:Y$90)&"/100","—") -> 94/100 | G12: =IFERROR(_xlfn.XLOOKUP(C12,'DONNÉES BRUTES'!A$3:A$90,'DONNÉES BRUTES'!P$3:P$90),"—") -> +51.7% | H12: =IFERROR(_xlfn.XLOOKUP(C12,'DONNÉES BRUTES'!A$3:A$90,'DONNÉES BRUTES'!N$3:N$90),"—") -> 29.8% | I12: =IFERROR(_xlfn.XLOOKUP(C12,'DONNÉES BRUTES'!A$3:A$90,'DONNÉES BRUTES'!O$3:O$90),"—") -> 18.5% | J12: =IFERROR(_xlfn.XLOOKUP(C12,'DONNÉES BRUTES'!A$3:A$90,'DONNÉES BRUTES'!Q$3:Q$90),"—") -> +31.8% | K12: =IFERROR(_xlfn.XLOOKUP(C12,'DONNÉES BRUTES'!A$3:A$90,'DONNÉES BRUTES'!AB$3:AB$90),"—") -> 66 | L12: =IFERROR(_xlfn.XLOOKUP(C12,'DONNÉES BRUTES'!A$3:A$90,'DONNÉES BRUTES'!AC$3:AC$90),"—") -> 2026-04-29 | M12: =IFERROR(_xlfn.XLOOKUP(C12,'DONNÉES BRUTES'!A$3:A$90,'DONNÉES BRUTES'!AD$3:AD$90),"—") -> Neutre | N12: GLW | O12: 88 | Q12: GLW | R12: 19.1 | T12: GLW | U12: 23.9 | W12: 88 | X12: 68
B13: 7 | C13: =IFERROR(_xlfn.XLOOKUP(LARGE('DONNÉES BRUTES'!Y$3:Y$90,7),'DONNÉES BRUTES'!Y$3:Y$90,'DONNÉES BRUTES'!A$3:A$90),"—") -> SAP.DE | D13: =IFERROR(_xlfn.XLOOKUP(C13,'DONNÉES BRUTES'!A$3:A$90,'DONNÉES BRUTES'!B$3:B$90),"—") -> SAP SE | F13: =IFERROR(_xlfn.XLOOKUP(C13,'DONNÉES BRUTES'!A$3:A$90,'DONNÉES BRUTES'!Y$3:Y$90)&"/100","—") -> 93/100 | G13: =IFERROR(_xlfn.XLOOKUP(C13,'DONNÉES BRUTES'!A$3:A$90,'DONNÉES BRUTES'!P$3:P$90),"—") -> +7.7% | H13: =IFERROR(_xlfn.XLOOKUP(C13,'DONNÉES BRUTES'!A$3:A$90,'DONNÉES BRUTES'!N$3:N$90),"—") -> 32.8% | I13: =IFERROR(_xlfn.XLOOKUP(C13,'DONNÉES BRUTES'!A$3:A$90,'DONNÉES BRUTES'!O$3:O$90),"—") -> 19.5% | J13: =IFERROR(_xlfn.XLOOKUP(C13,'DONNÉES BRUTES'!A$3:A$90,'DONNÉES BRUTES'!Q$3:Q$90),"—") -> +16.1% | K13: =IFERROR(_xlfn.XLOOKUP(C13,'DONNÉES BRUTES'!A$3:A$90,'DONNÉES BRUTES'!AB$3:AB$90),"—") -> 59 | L13: =IFERROR(_xlfn.XLOOKUP(C13,'DONNÉES BRUTES'!A$3:A$90,'DONNÉES BRUTES'!AC$3:AC$90),"—") -> 2026-04-23 | M13: =IFERROR(_xlfn.XLOOKUP(C13,'DONNÉES BRUTES'!A$3:A$90,'DONNÉES BRUTES'!AD$3:AD$90),"—") -> Neutre | N13: XYZ | O13: 87 | Q13: XYZ | R13: 0.3 | T13: XYZ | U13: 14.1 | W13: 87 | X13: 53
B14: 8 | C14: =IFERROR(_xlfn.XLOOKUP(LARGE('DONNÉES BRUTES'!Y$3:Y$90,8),'DONNÉES BRUTES'!Y$3:Y$90,'DONNÉES BRUTES'!A$3:A$90),"—") -> AMD | D14: =IFERROR(_xlfn.XLOOKUP(C14,'DONNÉES BRUTES'!A$3:A$90,'DONNÉES BRUTES'!B$3:B$90),"—") -> Advanced Micro Devices, Inc. | F14: =IFERROR(_xlfn.XLOOKUP(C14,'DONNÉES BRUTES'!A$3:A$90,'DONNÉES BRUTES'!Y$3:Y$90)&"/100","—") -> 92/100 | G14: =IFERROR(_xlfn.XLOOKUP(C14,'DONNÉES BRUTES'!A$3:A$90,'DONNÉES BRUTES'!P$3:P$90),"—") -> +34.3% | H14: =IFERROR(_xlfn.XLOOKUP(C14,'DONNÉES BRUTES'!A$3:A$90,'DONNÉES BRUTES'!N$3:N$90),"—") -> 21.0% | I14: =IFERROR(_xlfn.XLOOKUP(C14,'DONNÉES BRUTES'!A$3:A$90,'DONNÉES BRUTES'!O$3:O$90),"—") -> 12.5% | J14: =IFERROR(_xlfn.XLOOKUP(C14,'DONNÉES BRUTES'!A$3:A$90,'DONNÉES BRUTES'!Q$3:Q$90),"—") -> +6.9% | K14: =IFERROR(_xlfn.XLOOKUP(C14,'DONNÉES BRUTES'!A$3:A$90,'DONNÉES BRUTES'!AB$3:AB$90),"—") -> 73 | L14: =IFERROR(_xlfn.XLOOKUP(C14,'DONNÉES BRUTES'!A$3:A$90,'DONNÉES BRUTES'!AC$3:AC$90),"—") -> 2026-05-05 | M14: =IFERROR(_xlfn.XLOOKUP(C14,'DONNÉES BRUTES'!A$3:A$90,'DONNÉES BRUTES'!AD$3:AD$90),"—") -> Neutre | N14: MPWR | O14: 86 | Q14: MPWR | R14: 26.4 | T14: MPWR | U14: 28 | W14: 86 | X14: 78
B15: 9 | C15: =IFERROR(_xlfn.XLOOKUP(LARGE('DONNÉES BRUTES'!Y$3:Y$90,9),'DONNÉES BRUTES'!Y$3:Y$90,'DONNÉES BRUTES'!A$3:A$90),"—") -> PTC | D15: =IFERROR(_xlfn.XLOOKUP(C15,'DONNÉES BRUTES'!A$3:A$90,'DONNÉES BRUTES'!B$3:B$90),"—") -> PTC Inc. | F15: =IFERROR(_xlfn.XLOOKUP(C15,'DONNÉES BRUTES'!A$3:A$90,'DONNÉES BRUTES'!Y$3:Y$90)&"/100","—") -> 91/100 | G15: =IFERROR(_xlfn.XLOOKUP(C15,'DONNÉES BRUTES'!A$3:A$90,'DONNÉES BRUTES'!P$3:P$90),"—") -> +19.2% | H15: =IFERROR(_xlfn.XLOOKUP(C15,'DONNÉES BRUTES'!A$3:A$90,'DONNÉES BRUTES'!N$3:N$90),"—") -> 41.3% | I15: =IFERROR(_xlfn.XLOOKUP(C15,'DONNÉES BRUTES'!A$3:A$90,'DONNÉES BRUTES'!O$3:O$90),"—") -> 26.8% | J15: =IFERROR(_xlfn.XLOOKUP(C15,'DONNÉES BRUTES'!A$3:A$90,'DONNÉES BRUTES'!Q$3:Q$90),"—") -> +19.2% | K15: =IFERROR(_xlfn.XLOOKUP(C15,'DONNÉES BRUTES'!A$3:A$90,'DONNÉES BRUTES'!AB$3:AB$90),"—") -> 74 | L15: =IFERROR(_xlfn.XLOOKUP(C15,'DONNÉES BRUTES'!A$3:A$90,'DONNÉES BRUTES'!AC$3:AC$90),"—") -> 2026-04-29 | M15: =IFERROR(_xlfn.XLOOKUP(C15,'DONNÉES BRUTES'!A$3:A$90,'DONNÉES BRUTES'!AD$3:AD$90),"—") -> Neutre | N15: KLAC | O15: 85 | Q15: KLAC | R15: 23.9 | T15: KLAC | U15: 43.9 | W15: 85 | X15: 84
B16: 10 | C16: =IFERROR(_xlfn.XLOOKUP(LARGE('DONNÉES BRUTES'!Y$3:Y$90,10),'DONNÉES BRUTES'!Y$3:Y$90,'DONNÉES BRUTES'!A$3:A$90),"—") -> AVGO | D16: =IFERROR(_xlfn.XLOOKUP(C16,'DONNÉES BRUTES'!A$3:A$90,'DONNÉES BRUTES'!B$3:B$90),"—") -> Broadcom Inc. | F16: =IFERROR(_xlfn.XLOOKUP(C16,'DONNÉES BRUTES'!A$3:A$90,'DONNÉES BRUTES'!Y$3:Y$90)&"/100","—") -> 90/100 | G16: =IFERROR(_xlfn.XLOOKUP(C16,'DONNÉES BRUTES'!A$3:A$90,'DONNÉES BRUTES'!P$3:P$90),"—") -> +23.9% | H16: =IFERROR(_xlfn.XLOOKUP(C16,'DONNÉES BRUTES'!A$3:A$90,'DONNÉES BRUTES'!N$3:N$90),"—") -> 54.3% | I16: =IFERROR(_xlfn.XLOOKUP(C16,'DONNÉES BRUTES'!A$3:A$90,'DONNÉES BRUTES'!O$3:O$90),"—") -> 36.2% | J16: =IFERROR(_xlfn.XLOOKUP(C16,'DONNÉES BRUTES'!A$3:A$90,'DONNÉES BRUTES'!Q$3:Q$90),"—") -> +28.4% | K16: =IFERROR(_xlfn.XLOOKUP(C16,'DONNÉES BRUTES'!A$3:A$90,'DONNÉES BRUTES'!AB$3:AB$90),"—") -> 81 | L16: =IFERROR(_xlfn.XLOOKUP(C16,'DONNÉES BRUTES'!A$3:A$90,'DONNÉES BRUTES'!AC$3:AC$90),"—") -> 2026-06-03 | M16: =IFERROR(_xlfn.XLOOKUP(C16,'DONNÉES BRUTES'!A$3:A$90,'DONNÉES BRUTES'!AD$3:AD$90),"—") -> Surpondérer | N16: ANET | O16: 84 | Q16: ANET | R16: 28.6 | T16: ANET | U16: 43.6 | W16: 84 | X16: 83
B17: 11 | C17: =IFERROR(_xlfn.XLOOKUP(LARGE('DONNÉES BRUTES'!Y$3:Y$90,11),'DONNÉES BRUTES'!Y$3:Y$90,'DONNÉES BRUTES'!A$3:A$90),"—") -> GLW | D17: =IFERROR(_xlfn.XLOOKUP(C17,'DONNÉES BRUTES'!A$3:A$90,'DONNÉES BRUTES'!B$3:B$90),"—") -> Corning Incorporated | F17: =IFERROR(_xlfn.XLOOKUP(C17,'DONNÉES BRUTES'!A$3:A$90,'DONNÉES BRUTES'!Y$3:Y$90)&"/100","—") -> 88/100 | G17: =IFERROR(_xlfn.XLOOKUP(C17,'DONNÉES BRUTES'!A$3:A$90,'DONNÉES BRUTES'!P$3:P$90),"—") -> +19.1% | H17: =IFERROR(_xlfn.XLOOKUP(C17,'DONNÉES BRUTES'!A$3:A$90,'DONNÉES BRUTES'!N$3:N$90),"—") -> 23.9% | I17: =IFERROR(_xlfn.XLOOKUP(C17,'DONNÉES BRUTES'!A$3:A$90,'DONNÉES BRUTES'!O$3:O$90),"—") -> 10.2% | J17: =IFERROR(_xlfn.XLOOKUP(C17,'DONNÉES BRUTES'!A$3:A$90,'DONNÉES BRUTES'!Q$3:Q$90),"—") -> +13.5% | K17: =IFERROR(_xlfn.XLOOKUP(C17,'DONNÉES BRUTES'!A$3:A$90,'DONNÉES BRUTES'!AB$3:AB$90),"—") -> 68 | L17: =IFERROR(_xlfn.XLOOKUP(C17,'DONNÉES BRUTES'!A$3:A$90,'DONNÉES BRUTES'!AC$3:AC$90),"—") -> 2026-04-28 | M17: =IFERROR(_xlfn.XLOOKUP(C17,'DONNÉES BRUTES'!A$3:A$90,'DONNÉES BRUTES'!AD$3:AD$90),"—") -> Neutre | N17: LRCX | O17: 83 | Q17: LRCX | R17: 23.7 | T17: LRCX | U17: 35.4 | W17: 83 | X17: 77
B18: 12 | C18: =IFERROR(_xlfn.XLOOKUP(LARGE('DONNÉES BRUTES'!Y$3:Y$90,12),'DONNÉES BRUTES'!Y$3:Y$90,'DONNÉES BRUTES'!A$3:A$90),"—") -> XYZ | D18: =IFERROR(_xlfn.XLOOKUP(C18,'DONNÉES BRUTES'!A$3:A$90,'DONNÉES BRUTES'!B$3:B$90),"—") -> Block, Inc. | F18: =IFERROR(_xlfn.XLOOKUP(C18,'DONNÉES BRUTES'!A$3:A$90,'DONNÉES BRUTES'!Y$3:Y$90)&"/100","—") -> 87/100 | G18: =IFERROR(_xlfn.XLOOKUP(C18,'DONNÉES BRUTES'!A$3:A$90,'DONNÉES BRUTES'!P$3:P$90),"—") -> +0.3% | H18: =IFERROR(_xlfn.XLOOKUP(C18,'DONNÉES BRUTES'!A$3:A$90,'DONNÉES BRUTES'!N$3:N$90),"—") -> 14.1% | I18: =IFERROR(_xlfn.XLOOKUP(C18,'DONNÉES BRUTES'!A$3:A$90,'DONNÉES BRUTES'!O$3:O$90),"—") -> 5.4% | J18: =IFERROR(_xlfn.XLOOKUP(C18,'DONNÉES BRUTES'!A$3:A$90,'DONNÉES BRUTES'!Q$3:Q$90),"—") -> +5.9% | K18: =IFERROR(_xlfn.XLOOKUP(C18,'DONNÉES BRUTES'!A$3:A$90,'DONNÉES BRUTES'!AB$3:AB$90),"—") -> 53 | L18: =IFERROR(_xlfn.XLOOKUP(C18,'DONNÉES BRUTES'!A$3:A$90,'DONNÉES BRUTES'!AC$3:AC$90),"—") -> 2026-04-30 | M18: =IFERROR(_xlfn.XLOOKUP(C18,'DONNÉES BRUTES'!A$3:A$90,'DONNÉES BRUTES'!AD$3:AD$90),"—") -> Sous-pondérer | N18: SMCI | O18: 81 | Q18: SMCI | R18: 46.6 | T18: SMCI | U18: 6.1 | W18: 81 | X18: 32
B19: 13 | C19: =IFERROR(_xlfn.XLOOKUP(LARGE('DONNÉES BRUTES'!Y$3:Y$90,13),'DONNÉES BRUTES'!Y$3:Y$90,'DONNÉES BRUTES'!A$3:A$90),"—") -> MPWR | D19: =IFERROR(_xlfn.XLOOKUP(C19,'DONNÉES BRUTES'!A$3:A$90,'DONNÉES BRUTES'!B$3:B$90),"—") -> Monolithic Power Systems, Inc. | F19: =IFERROR(_xlfn.XLOOKUP(C19,'DONNÉES BRUTES'!A$3:A$90,'DONNÉES BRUTES'!Y$3:Y$90)&"/100","—") -> 86/100 | G19: =IFERROR(_xlfn.XLOOKUP(C19,'DONNÉES BRUTES'!A$3:A$90,'DONNÉES BRUTES'!P$3:P$90),"—") -> +26.4% | H19: =IFERROR(_xlfn.XLOOKUP(C19,'DONNÉES BRUTES'!A$3:A$90,'DONNÉES BRUTES'!N$3:N$90),"—") -> 28.0% | I19: =IFERROR(_xlfn.XLOOKUP(C19,'DONNÉES BRUTES'!A$3:A$90,'DONNÉES BRUTES'!O$3:O$90),"—") -> 22.3% | J19: =IFERROR(_xlfn.XLOOKUP(C19,'DONNÉES BRUTES'!A$3:A$90,'DONNÉES BRUTES'!Q$3:Q$90),"—") -> +17.6% | K19: =IFERROR(_xlfn.XLOOKUP(C19,'DONNÉES BRUTES'!A$3:A$90,'DONNÉES BRUTES'!AB$3:AB$90),"—") -> 78 | L19: =IFERROR(_xlfn.XLOOKUP(C19,'DONNÉES BRUTES'!A$3:A$90,'DONNÉES BRUTES'!AC$3:AC$90),"—") -> 2026-04-30 | M19: =IFERROR(_xlfn.XLOOKUP(C19,'DONNÉES BRUTES'!A$3:A$90,'DONNÉES BRUTES'!AD$3:AD$90),"—") -> Surpondérer | N19: NOW | O19: 80 | Q19: NOW | R19: 20.9 | T19: NOW | U19: 22.8 | W19: 80 | X19: 53
B20: 14 | C20: =IFERROR(_xlfn.XLOOKUP(LARGE('DONNÉES BRUTES'!Y$3:Y$90,14),'DONNÉES BRUTES'!Y$3:Y$90,'DONNÉES BRUTES'!A$3:A$90),"—") -> KLAC | D20: =IFERROR(_xlfn.XLOOKUP(C20,'DONNÉES BRUTES'!A$3:A$90,'DONNÉES BRUTES'!B$3:B$90),"—") -> KLA Corporation | F20: =IFERROR(_xlfn.XLOOKUP(C20,'DONNÉES BRUTES'!A$3:A$90,'DONNÉES BRUTES'!Y$3:Y$90)&"/100","—") -> 85/100 | G20: =IFERROR(_xlfn.XLOOKUP(C20,'DONNÉES BRUTES'!A$3:A$90,'DONNÉES BRUTES'!P$3:P$90),"—") -> +23.9% | H20: =IFERROR(_xlfn.XLOOKUP(C20,'DONNÉES BRUTES'!A$3:A$90,'DONNÉES BRUTES'!N$3:N$90),"—") -> 43.9% | I20: =IFERROR(_xlfn.XLOOKUP(C20,'DONNÉES BRUTES'!A$3:A$90,'DONNÉES BRUTES'!O$3:O$90),"—") -> 33.4% | J20: =IFERROR(_xlfn.XLOOKUP(C20,'DONNÉES BRUTES'!A$3:A$90,'DONNÉES BRUTES'!Q$3:Q$90),"—") -> +86.6% | K20: =IFERROR(_xlfn.XLOOKUP(C20,'DONNÉES BRUTES'!A$3:A$90,'DONNÉES BRUTES'!AB$3:AB$90),"—") -> 84 | L20: =IFERROR(_xlfn.XLOOKUP(C20,'DONNÉES BRUTES'!A$3:A$90,'DONNÉES BRUTES'!AC$3:AC$90),"—") -> 2026-04-29 | M20: =IFERROR(_xlfn.XLOOKUP(C20,'DONNÉES BRUTES'!A$3:A$90,'DONNÉES BRUTES'!AD$3:AD$90),"—") -> Surpondérer | N20: SNPS | O20: 79 | Q20: SNPS | R20: 15.1 | T20: SNPS | U20: 35.4 | W20: 79 | X20: 66
B21: 15 | C21: =IFERROR(_xlfn.XLOOKUP(LARGE('DONNÉES BRUTES'!Y$3:Y$90,15),'DONNÉES BRUTES'!Y$3:Y$90,'DONNÉES BRUTES'!A$3:A$90),"—") -> ANET | D21: =IFERROR(_xlfn.XLOOKUP(C21,'DONNÉES BRUTES'!A$3:A$90,'DONNÉES BRUTES'!B$3:B$90),"—") -> Arista Networks, Inc. | F21: =IFERROR(_xlfn.XLOOKUP(C21,'DONNÉES BRUTES'!A$3:A$90,'DONNÉES BRUTES'!Y$3:Y$90)&"/100","—") -> 84/100 | G21: =IFERROR(_xlfn.XLOOKUP(C21,'DONNÉES BRUTES'!A$3:A$90,'DONNÉES BRUTES'!P$3:P$90),"—") -> +28.6% | H21: =IFERROR(_xlfn.XLOOKUP(C21,'DONNÉES BRUTES'!A$3:A$90,'DONNÉES BRUTES'!N$3:N$90),"—") -> 43.6% | I21: =IFERROR(_xlfn.XLOOKUP(C21,'DONNÉES BRUTES'!A$3:A$90,'DONNÉES BRUTES'!O$3:O$90),"—") -> 39.0% | J21: =IFERROR(_xlfn.XLOOKUP(C21,'DONNÉES BRUTES'!A$3:A$90,'DONNÉES BRUTES'!Q$3:Q$90),"—") -> +28.4% | K21: =IFERROR(_xlfn.XLOOKUP(C21,'DONNÉES BRUTES'!A$3:A$90,'DONNÉES BRUTES'!AB$3:AB$90),"—") -> 83 | L21: =IFERROR(_xlfn.XLOOKUP(C21,'DONNÉES BRUTES'!A$3:A$90,'DONNÉES BRUTES'!AC$3:AC$90),"—") -> 2026-05-05 | M21: =IFERROR(_xlfn.XLOOKUP(C21,'DONNÉES BRUTES'!A$3:A$90,'DONNÉES BRUTES'!AD$3:AD$90),"—") -> Surpondérer | N21: IBM | O21: 78 | Q21: IBM | R21: 7.6 | T21: IBM | U21: 25.6 | W21: 78 | X21: 60
B22: 16 | C22: =IFERROR(_xlfn.XLOOKUP(LARGE('DONNÉES BRUTES'!Y$3:Y$90,16),'DONNÉES BRUTES'!Y$3:Y$90,'DONNÉES BRUTES'!A$3:A$90),"—") -> LRCX | D22: =IFERROR(_xlfn.XLOOKUP(C22,'DONNÉES BRUTES'!A$3:A$90,'DONNÉES BRUTES'!B$3:B$90),"—") -> Lam Research Corporation | F22: =IFERROR(_xlfn.XLOOKUP(C22,'DONNÉES BRUTES'!A$3:A$90,'DONNÉES BRUTES'!Y$3:Y$90)&"/100","—") -> 83/100 | G22: =IFERROR(_xlfn.XLOOKUP(C22,'DONNÉES BRUTES'!A$3:A$90,'DONNÉES BRUTES'!P$3:P$90),"—") -> +23.7% | H22: =IFERROR(_xlfn.XLOOKUP(C22,'DONNÉES BRUTES'!A$3:A$90,'DONNÉES BRUTES'!N$3:N$90),"—") -> 35.4% | I22: =IFERROR(_xlfn.XLOOKUP(C22,'DONNÉES BRUTES'!A$3:A$90,'DONNÉES BRUTES'!O$3:O$90),"—") -> 29.1% | J22: =IFERROR(_xlfn.XLOOKUP(C22,'DONNÉES BRUTES'!A$3:A$90,'DONNÉES BRUTES'!Q$3:Q$90),"—") -> +54.3% | K22: =IFERROR(_xlfn.XLOOKUP(C22,'DONNÉES BRUTES'!A$3:A$90,'DONNÉES BRUTES'!AB$3:AB$90),"—") -> 77 | L22: =IFERROR(_xlfn.XLOOKUP(C22,'DONNÉES BRUTES'!A$3:A$90,'DONNÉES BRUTES'!AC$3:AC$90),"—") -> 2026-04-22 | M22: =IFERROR(_xlfn.XLOOKUP(C22,'DONNÉES BRUTES'!A$3:A$90,'DONNÉES BRUTES'!AD$3:AD$90),"—") -> Surpondérer
B23: 17 | C23: =IFERROR(_xlfn.XLOOKUP(LARGE('DONNÉES BRUTES'!Y$3:Y$90,17),'DONNÉES BRUTES'!Y$3:Y$90,'DONNÉES BRUTES'!A$3:A$90),"—") -> SMCI | D23: =IFERROR(_xlfn.XLOOKUP(C23,'DONNÉES BRUTES'!A$3:A$90,'DONNÉES BRUTES'!B$3:B$90),"—") -> Super Micro Computer, Inc. | F23: =IFERROR(_xlfn.XLOOKUP(C23,'DONNÉES BRUTES'!A$3:A$90,'DONNÉES BRUTES'!Y$3:Y$90)&"/100","—") -> 81/100 | G23: =IFERROR(_xlfn.XLOOKUP(C23,'DONNÉES BRUTES'!A$3:A$90,'DONNÉES BRUTES'!P$3:P$90),"—") -> 0.466 | H23: =IFERROR(_xlfn.XLOOKUP(C23,'DONNÉES BRUTES'!A$3:A$90,'DONNÉES BRUTES'!N$3:N$90),"—") -> 0.061 | I23: =IFERROR(_xlfn.XLOOKUP(D23,'DONNÉES BRUTES'!B$3:B$90,'DONNÉES BRUTES'!O$3:O$90),"—") -> — | J23: =IFERROR(_xlfn.XLOOKUP(E23,'DONNÉES BRUTES'!C$3:C$90,'DONNÉES BRUTES'!P$3:P$90),"—") -> — | K23: =IFERROR(_xlfn.XLOOKUP(C23,'DONNÉES BRUTES'!A$3:A$90,'DONNÉES BRUTES'!AB$3:AB$90),"—") -> 32 | L23: =IFERROR(_xlfn.XLOOKUP(C23,'DONNÉES BRUTES'!A$3:A$90,'DONNÉES BRUTES'!AC$3:AC$90),"—") -> — | M23: =IFERROR(_xlfn.XLOOKUP(C23,'DONNÉES BRUTES'!A$3:A$90,'DONNÉES BRUTES'!AD$3:AD$90),"—") -> Sous-pondérer
B24: 18 | C24: =IFERROR(_xlfn.XLOOKUP(LARGE('DONNÉES BRUTES'!Y$3:Y$90,18),'DONNÉES BRUTES'!Y$3:Y$90,'DONNÉES BRUTES'!A$3:A$90),"—") -> NOW | D24: =IFERROR(_xlfn.XLOOKUP(C24,'DONNÉES BRUTES'!A$3:A$90,'DONNÉES BRUTES'!B$3:B$90),"—") -> ServiceNow, Inc. | F24: =IFERROR(_xlfn.XLOOKUP(C24,'DONNÉES BRUTES'!A$3:A$90,'DONNÉES BRUTES'!Y$3:Y$90)&"/100","—") -> 80/100 | G24: =IFERROR(_xlfn.XLOOKUP(C24,'DONNÉES BRUTES'!A$3:A$90,'DONNÉES BRUTES'!P$3:P$90),"—") -> +20.9% | H24: =IFERROR(_xlfn.XLOOKUP(C24,'DONNÉES BRUTES'!A$3:A$90,'DONNÉES BRUTES'!N$3:N$90),"—") -> 22.8% | I24: =IFERROR(_xlfn.XLOOKUP(C24,'DONNÉES BRUTES'!A$3:A$90,'DONNÉES BRUTES'!O$3:O$90),"—") -> 13.2% | J24: =IFERROR(_xlfn.XLOOKUP(C24,'DONNÉES BRUTES'!A$3:A$90,'DONNÉES BRUTES'!Q$3:Q$90),"—") -> +13.5% | K24: =IFERROR(_xlfn.XLOOKUP(C24,'DONNÉES BRUTES'!A$3:A$90,'DONNÉES BRUTES'!AB$3:AB$90),"—") -> 53 | L24: =IFERROR(_xlfn.XLOOKUP(C24,'DONNÉES BRUTES'!A$3:A$90,'DONNÉES BRUTES'!AC$3:AC$90),"—") -> 2026-04-22 | M24: =IFERROR(_xlfn.XLOOKUP(C24,'DONNÉES BRUTES'!A$3:A$90,'DONNÉES BRUTES'!AD$3:AD$90),"—") -> Sous-pondérer
B25: 19 | C25: =IFERROR(_xlfn.XLOOKUP(LARGE('DONNÉES BRUTES'!Y$3:Y$90,19),'DONNÉES BRUTES'!Y$3:Y$90,'DONNÉES BRUTES'!A$3:A$90),"—") -> SNPS | D25: =IFERROR(_xlfn.XLOOKUP(C25,'DONNÉES BRUTES'!A$3:A$90,'DONNÉES BRUTES'!B$3:B$90),"—") -> Synopsys, Inc. | F25: =IFERROR(_xlfn.XLOOKUP(C25,'DONNÉES BRUTES'!A$3:A$90,'DONNÉES BRUTES'!Y$3:Y$90)&"/100","—") -> 79/100 | G25: =IFERROR(_xlfn.XLOOKUP(C25,'DONNÉES BRUTES'!A$3:A$90,'DONNÉES BRUTES'!P$3:P$90),"—") -> +15.1% | H25: =IFERROR(_xlfn.XLOOKUP(C25,'DONNÉES BRUTES'!A$3:A$90,'DONNÉES BRUTES'!N$3:N$90),"—") -> 35.4% | I25: =IFERROR(_xlfn.XLOOKUP(C25,'DONNÉES BRUTES'!A$3:A$90,'DONNÉES BRUTES'!O$3:O$90),"—") -> 18.9% | J25: =IFERROR(_xlfn.XLOOKUP(C25,'DONNÉES BRUTES'!A$3:A$90,'DONNÉES BRUTES'!Q$3:Q$90),"—") -> +4.7% | K25: =IFERROR(_xlfn.XLOOKUP(C25,'DONNÉES BRUTES'!A$3:A$90,'DONNÉES BRUTES'!AB$3:AB$90),"—") -> 66 | L25: =IFERROR(_xlfn.XLOOKUP(C25,'DONNÉES BRUTES'!A$3:A$90,'DONNÉES BRUTES'!AC$3:AC$90),"—") -> 2026-05-27 | M25: =IFERROR(_xlfn.XLOOKUP(C25,'DONNÉES BRUTES'!A$3:A$90,'DONNÉES BRUTES'!AD$3:AD$90),"—") -> Neutre
B26: 20 | C26: =IFERROR(_xlfn.XLOOKUP(LARGE('DONNÉES BRUTES'!Y$3:Y$90,20),'DONNÉES BRUTES'!Y$3:Y$90,'DONNÉES BRUTES'!A$3:A$90),"—") -> IBM | D26: =IFERROR(_xlfn.XLOOKUP(C26,'DONNÉES BRUTES'!A$3:A$90,'DONNÉES BRUTES'!B$3:B$90),"—") -> International Business Machines Corporation | F26: =IFERROR(_xlfn.XLOOKUP(C26,'DONNÉES BRUTES'!A$3:A$90,'DONNÉES BRUTES'!Y$3:Y$90)&"/100","—") -> 78/100 | G26: =IFERROR(_xlfn.XLOOKUP(C26,'DONNÉES BRUTES'!A$3:A$90,'DONNÉES BRUTES'!P$3:P$90),"—") -> +7.6% | H26: =IFERROR(_xlfn.XLOOKUP(C26,'DONNÉES BRUTES'!A$3:A$90,'DONNÉES BRUTES'!N$3:N$90),"—") -> 25.6% | I26: =IFERROR(_xlfn.XLOOKUP(C26,'DONNÉES BRUTES'!A$3:A$90,'DONNÉES BRUTES'!O$3:O$90),"—") -> 15.7% | J26: =IFERROR(_xlfn.XLOOKUP(C26,'DONNÉES BRUTES'!A$3:A$90,'DONNÉES BRUTES'!Q$3:Q$90),"—") -> +32.4% | K26: =IFERROR(_xlfn.XLOOKUP(C26,'DONNÉES BRUTES'!A$3:A$90,'DONNÉES BRUTES'!AB$3:AB$90),"—") -> 60 | L26: =IFERROR(_xlfn.XLOOKUP(C26,'DONNÉES BRUTES'!A$3:A$90,'DONNÉES BRUTES'!AC$3:AC$90),"—") -> 2026-04-22 | M26: =IFERROR(_xlfn.XLOOKUP(C26,'DONNÉES BRUTES'!A$3:A$90,'DONNÉES BRUTES'!AD$3:AD$90),"—") -> Neutre
B28: FinSight IA · Screening Technology · Ne constitue pas un conseil en investissement

Sheet QUALITY
B1: FinSight IA · Analyse QUALITY · Technology Screening · 22/03/2026 | N1: Ticker | O1: Score | Q1: Ticker | R1: AltZ | T1: Ticker | U1: Beneish M | W1: Ticker | X1: Mg EBITDA (%)
B2: Usage confidentiel · Calculs FinSight IA · Screening Technology | N2: DSY.PA | O2: 100 | Q2: DSY.PA | R2: 0 | T2: DSY.PA | W2: DSY.PA | X2: 30.4
C3: =COUNTA('DONNÉES BRUTES'!A$3:A$90) -> 88 | F3: =IFERROR(_xlfn.XLOOKUP(LARGE('DONNÉES BRUTES'!Z$3:Z$90,1),'DONNÉES BRUTES'!Z$3:Z$90,'DONNÉES BRUTES'!A$3:A$90),"—") -> DSY.PA | J3: =IFERROR(ROUND(AVERAGE('DONNÉES BRUTES'!Z$3:Z$90),0)&"/100","—") -> 51/100 | M3: VRSN | O3: 99 | Q3: VRSN | R3: 0 | T3: VRSN | U3: -2.84 | W3: VRSN | X3: 71
C4: Sociétés | F4: #1 Quality | J4: Moy. Score Quality | M4: NVDA | O4: 98 | Q4: NVDA | R4: 13.22 | T4: NVDA | U4: -2.19 | W4: NVDA | X4: 66.9
B5: ANALYSE DÉTAILLÉE · TECHNOLOGY · TOP 20 par Quality · Triée par Score Quality | N5: ADBE | O5: 97 | Q5: ADBE | R5: 7.74 | T5: ADBE | U5: -2.97 | W5: ADBE | X5: 41.3
B6: # | C6: Ticker | D6: Société | F6: Score | G6: Altman Z | H6: Beneish M | I6: Mg EBITDA | J6: ROE | K6: Current R. | L6: ND/EBITDA | M6: Score Global | N6: FICO | O6: 95 | Q6: FICO | R6: 10.3 | T6: FICO | U6: -2.94 | W6: FICO | X6: 47.8
B7: 1 | C7: =IFERROR(_xlfn.XLOOKUP(LARGE('DONNÉES BRUTES'!Z$3:Z$90,1),'DONNÉES BRUTES'!Z$3:Z$90,'DONNÉES BRUTES'!A$3:A$90),"—") -> DSY.PA | D7: =IFERROR(_xlfn.XLOOKUP(C7,'DONNÉES BRUTES'!A$3:A$90,'DONNÉES BRUTES'!B$3:B$90),"—") -> Dassault Systèmes SE | F7: =IFERROR(_xlfn.XLOOKUP(C7,'DONNÉES BRUTES'!A$3:A$90,'DONNÉES BRUTES'!Z$3:Z$90)&"/100","—") -> 100/100 | G7: =IFERROR(_xlfn.XLOOKUP(C7,'DONNÉES BRUTES'!A$3:A$90,'DONNÉES BRUTES'!U$3:U$90),"—") -> — | H7: =IFERROR(_xlfn.XLOOKUP(C7,'DONNÉES BRUTES'!A$3:A$90,'DONNÉES BRUTES'!V$3:V$90),"—") -> — | I7: =IFERROR(_xlfn.XLOOKUP(C7,'DONNÉES BRUTES'!A$3:A$90,'DONNÉES BRUTES'!N$3:N$90),"—") -> 0.304 | J7: =IFERROR(_xlfn.XLOOKUP(C7,'DONNÉES BRUTES'!A$3:A$90,'DONNÉES BRUTES'!Q$3:Q$90),"—") -> — | K7: =IFERROR(_xlfn.XLOOKUP(C7,'DONNÉES BRUTES'!A$3:A$90,'DONNÉES BRUTES'!S$3:S$90),"—") -> — | L7: =IFERROR(_xlfn.XLOOKUP(C7,'DONNÉES BRUTES'!A$3:A$90,'DONNÉES BRUTES'!T$3:T$90),"—") -> — | M7: =IFERROR(_xlfn.XLOOKUP(C7,'DONNÉES BRUTES'!A$3:A$90,'DONNÉES BRUTES'!AB$3:AB$90),"—") -> 42 | N7: PTC | O7: 94 | Q7: PTC | R7: 3.62 | T7: PTC | U7: -2.99 | W7: PTC | X7: 41.3
B8: 2 | C8: =IFERROR(_xlfn.XLOOKUP(LARGE('DONNÉES BRUTES'!Z$3:Z$90,2),'DONNÉES BRUTES'!Z$3:Z$90,'DONNÉES BRUTES'!A$3:A$90),"—") -> VRSN | D8: =IFERROR(_xlfn.XLOOKUP(C8,'DONNÉES BRUTES'!A$3:A$90,'DONNÉES BRUTES'!B$3:B$90),"—") -> VeriSign, Inc. | F8: =IFERROR(_xlfn.XLOOKUP(C8,'DONNÉES BRUTES'!A$3:A$90,'DONNÉES BRUTES'!Z$3:Z$90)&"/100","—") -> 99/100 | G8: =IFERROR(_xlfn.XLOOKUP(C8,'DONNÉES BRUTES'!A$3:A$90,'DONNÉES BRUTES'!U$3:U$90),"—") -> -27.16 | H8: =IFERROR(_xlfn.XLOOKUP(C8,'DONNÉES BRUTES'!A$3:A$90,'DONNÉES BRUTES'!V$3:V$90),"—") -> -2.84 | I8: =IFERROR(_xlfn.XLOOKUP(C8,'DONNÉES BRUTES'!A$3:A$90,'DONNÉES BRUTES'!N$3:N$90),"—") -> 71.0% | J8: =IFERROR(_xlfn.XLOOKUP(C8,'DONNÉES BRUTES'!A$3:A$90,'DONNÉES BRUTES'!Q$3:Q$90),"—") -> -38.3% | K8: =IFERROR(_xlfn.XLOOKUP(C8,'DONNÉES BRUTES'!A$3:A$90,'DONNÉES BRUTES'!S$3:S$90),"—") -> 0.49 | L8: =IFERROR(_xlfn.XLOOKUP(C8,'DONNÉES BRUTES'!A$3:A$90,'DONNÉES BRUTES'!T$3:T$90),"—") -> 1.3x | M8: =IFERROR(_xlfn.XLOOKUP(C8,'DONNÉES BRUTES'!A$3:A$90,'DONNÉES BRUTES'!AB$3:AB$90),"—") -> 58 | N8: CDNS | O8: 93 | Q8: CDNS | R8: 6.55 | T8: CDNS | U8: -2.92 | W8: CDNS | X8: 35.4
B9: 3 | C9: =IFERROR(_xlfn.XLOOKUP(LARGE('DONNÉES BRUTES'!Z$3:Z$90,3),'DONNÉES BRUTES'!Z$3:Z$90,'DONNÉES BRUTES'!A$3:A$90),"—") -> NVDA | D9: =IFERROR(_xlfn.XLOOKUP(C9,'DONNÉES BRUTES'!A$3:A$90,'DONNÉES BRUTES'!B$3:B$90),"—") -> NVIDIA Corporation | F9: =IFERROR(_xlfn.XLOOKUP(C9,'DONNÉES BRUTES'!A$3:A$90,'DONNÉES BRUTES'!Z$3:Z$90)&"/100","—") -> 98/100 | G9: =IFERROR(_xlfn.XLOOKUP(C9,'DONNÉES BRUTES'!A$3:A$90,'DONNÉES BRUTES'!U$3:U$90),"—") -> 13.22 | H9: =IFERROR(_xlfn.XLOOKUP(C9,'DONNÉES BRUTES'!A$3:A$90,'DONNÉES BRUTES'!V$3:V$90),"—") -> -2.19 | I9: =IFERROR(_xlfn.XLOOKUP(C9,'DONNÉES BRUTES'!A$3:A$90,'DONNÉES BRUTES'!N$3:N$90),"—") -> 66.9% | J9: =IFERROR(_xlfn.XLOOKUP(C9,'DONNÉES BRUTES'!A$3:A$90,'DONNÉES BRUTES'!Q$3:Q$90),"—") -> +76.3% | K9: =IFERROR(_xlfn.XLOOKUP(C9,'DONNÉES BRUTES'!A$3:A$90,'DONNÉES BRUTES'!S$3:S$90),"—") -> 3.91 | L9: =IFERROR(_xlfn.XLOOKUP(C9,'DONNÉES BRUTES'!A$3:A$90,'DONNÉES BRUTES'!T$3:T$90),"—") -> -0.0x | M9: =IFERROR(_xlfn.XLOOKUP(C9,'DONNÉES BRUTES'!A$3:A$90,'DONNÉES BRUTES'!AB$3:AB$90),"—") -> 88 | N9: FTNT | O9: 92 | Q9: FTNT | R9: 2.02 | T9: FTNT | U9: -2.92 | W9: FTNT | X9: 36.1
B10: 4 | C10: =IFERROR(_xlfn.XLOOKUP(LARGE('DONNÉES BRUTES'!Z$3:Z$90,4),'DONNÉES BRUTES'!Z$3:Z$90,'DONNÉES BRUTES'!A$3:A$90),"—") -> ADBE | D10: =IFERROR(_xlfn.XLOOKUP(C10,'DONNÉES BRUTES'!A$3:A$90,'DONNÉES BRUTES'!B$3:B$90),"—") -> Adobe Inc. | F10: =IFERROR(_xlfn.XLOOKUP(C10,'DONNÉES BRUTES'!A$3:A$90,'DONNÉES BRUTES'!Z$3:Z$90)&"/100","—") -> 97/100 | G10: =IFERROR(_xlfn.XLOOKUP(C10,'DONNÉES BRUTES'!A$3:A$90,'DONNÉES BRUTES'!U$3:U$90),"—") -> 7.74 | H10: =IFERROR(_xlfn.XLOOKUP(C10,'DONNÉES BRUTES'!A$3:A$90,'DONNÉES BRUTES'!V$3:V$90),"—") -> -2.97 | I10: =IFERROR(_xlfn.XLOOKUP(C10,'DONNÉES BRUTES'!A$3:A$90,'DONNÉES BRUTES'!N$3:N$90),"—") -> 41.3% | J10: =IFERROR(_xlfn.XLOOKUP(C10,'DONNÉES BRUTES'!A$3:A$90,'DONNÉES BRUTES'!Q$3:Q$90),"—") -> +61.3% | K10: =IFERROR(_xlfn.XLOOKUP(C10,'DONNÉES BRUTES'!A$3:A$90,'DONNÉES BRUTES'!S$3:S$90),"—") -> 1.00 | L10: =IFERROR(_xlfn.XLOOKUP(C10,'DONNÉES BRUTES'!A$3:A$90,'DONNÉES BRUTES'!T$3:T$90),"—") -> 0.1x | M10: =IFERROR(_xlfn.XLOOKUP(C10,'DONNÉES BRUTES'!A$3:A$90,'DONNÉES BRUTES'!AB$3:AB$90),"—") -> 58 | N10: SGE.L | O10: 91 | Q10: SGE.L | R10: 0 | T10: SGE.L | W10: SGE.L | X10: 25
B11: 5 | C11: =IFERROR(_xlfn.XLOOKUP(LARGE('DONNÉES BRUTES'!Z$3:Z$90,5),'DONNÉES BRUTES'!Z$3:Z$90,'DONNÉES BRUTES'!A$3:A$90),"—") -> FICO | D11: =IFERROR(_xlfn.XLOOKUP(C11,'DONNÉES BRUTES'!A$3:A$90,'DONNÉES BRUTES'!B$3:B$90),"—") -> Fair Isaac Corporation | F11: =IFERROR(_xlfn.XLOOKUP(C11,'DONNÉES BRUTES'!A$3:A$90,'DONNÉES BRUTES'!Z$3:Z$90)&"/100","—") -> 95/100 | G11: =IFERROR(_xlfn.XLOOKUP(C11,'DONNÉES BRUTES'!A$3:A$90,'DONNÉES BRUTES'!U$3:U$90),"—") -> 10.30 | H11: =IFERROR(_xlfn.XLOOKUP(C11,'DONNÉES BRUTES'!A$3:A$90,'DONNÉES BRUTES'!V$3:V$90),"—") -> -2.94 | I11: =IFERROR(_xlfn.XLOOKUP(C11,'DONNÉES BRUTES'!A$3:A$90,'DONNÉES BRUTES'!N$3:N$90),"—") -> 47.8% | J11: =IFERROR(_xlfn.XLOOKUP(C11,'DONNÉES BRUTES'!A$3:A$90,'DONNÉES BRUTES'!Q$3:Q$90),"—") -> -37.3% | K11: =IFERROR(_xlfn.XLOOKUP(C11,'DONNÉES BRUTES'!A$3:A$90,'DONNÉES BRUTES'!S$3:S$90),"—") -> 0.83 | L11: =IFERROR(_xlfn.XLOOKUP(C11,'DONNÉES BRUTES'!A$3:A$90,'DONNÉES BRUTES'!T$3:T$90),"—") -> 3.1x | M11: =IFERROR(_xlfn.XLOOKUP(C11,'DONNÉES BRUTES'!A$3:A$90,'DONNÉES BRUTES'!AB$3:AB$90),"—") -> 61 | N11: ADSK | O11: 90 | Q11: ADSK | R11: 0.48 | T11: ADSK | U11: -2.86 | W11: ADSK | X11: 27.6
B12: 6 | C12: =IFERROR(_xlfn.XLOOKUP(LARGE('DONNÉES BRUTES'!Z$3:Z$90,6),'DONNÉES BRUTES'!Z$3:Z$90,'DONNÉES BRUTES'!A$3:A$90),"—") -> PTC | D12: =IFERROR(_xlfn.XLOOKUP(C12,'DONNÉES BRUTES'!A$3:A$90,'DONNÉES BRUTES'!B$3:B$90),"—") -> PTC Inc. | F12: =IFERROR(_xlfn.XLOOKUP(C12,'DONNÉES BRUTES'!A$3:A$90,'DONNÉES BRUTES'!Z$3:Z$90)&"/100","—") -> 94/100 | G12: =IFERROR(_xlfn.XLOOKUP(C12,'DONNÉES BRUTES'!A$3:A$90,'DONNÉES BRUTES'!U$3:U$90),"—") -> 3.62 | H12: =IFERROR(_xlfn.XLOOKUP(C12,'DONNÉES BRUTES'!A$3:A$90,'DONNÉES BRUTES'!V$3:V$90),"—") -> -2.99 | I12: =IFERROR(_xlfn.XLOOKUP(C12,'DONNÉES BRUTES'!A$3:A$90,'DONNÉES BRUTES'!N$3:N$90),"—") -> 41.3% | J12: =IFERROR(_xlfn.XLOOKUP(C12,'DONNÉES BRUTES'!A$3:A$90,'DONNÉES BRUTES'!Q$3:Q$90),"—") -> +19.2% | K12: =IFERROR(_xlfn.XLOOKUP(C12,'DONNÉES BRUTES'!A$3:A$90,'DONNÉES BRUTES'!S$3:S$90),"—") -> 1.12 | L12: =IFERROR(_xlfn.XLOOKUP(C12,'DONNÉES BRUTES'!A$3:A$90,'DONNÉES BRUTES'!T$3:T$90),"—") -> 0.9x | M12: =IFERROR(_xlfn.XLOOKUP(C12,'DONNÉES BRUTES'!A$3:A$90,'DONNÉES BRUTES'!AB$3:AB$90),"—") -> 74 | N12: ANET | O12: 89 | Q12: ANET | R12: 8.46 | T12: ANET | U12: -2.58 | W12: ANET | X12: 43.6
B13: 7 | C13: =IFERROR(_xlfn.XLOOKUP(LARGE('DONNÉES BRUTES'!Z$3:Z$90,7),'DONNÉES BRUTES'!Z$3:Z$90,'DONNÉES BRUTES'!A$3:A$90),"—") -> CDNS | D13: =IFERROR(_xlfn.XLOOKUP(C13,'DONNÉES BRUTES'!A$3:A$90,'DONNÉES BRUTES'!B$3:B$90),"—") -> Cadence Design Systems, Inc. | F13: =IFERROR(_xlfn.XLOOKUP(C13,'DONNÉES BRUTES'!A$3:A$90,'DONNÉES BRUTES'!Z$3:Z$90)&"/100","—") -> 93/100 | G13: =IFERROR(_xlfn.XLOOKUP(C13,'DONNÉES BRUTES'!A$3:A$90,'DONNÉES BRUTES'!U$3:U$90),"—") -> 6.55 | H13: =IFERROR(_xlfn.XLOOKUP(C13,'DONNÉES BRUTES'!A$3:A$90,'DONNÉES BRUTES'!V$3:V$90),"—") -> -2.92 | I13: =IFERROR(_xlfn.XLOOKUP(C13,'DONNÉES BRUTES'!A$3:A$90,'DONNÉES BRUTES'!N$3:N$90),"—") -> 35.4% | J13: =IFERROR(_xlfn.XLOOKUP(C13,'DONNÉES BRUTES'!A$3:A$90,'DONNÉES BRUTES'!Q$3:Q$90),"—") -> +20.3% | K13: =IFERROR(_xlfn.XLOOKUP(C13,'DONNÉES BRUTES'!A$3:A$90,'DONNÉES BRUTES'!S$3:S$90),"—") -> 2.86 | L13: =IFERROR(_xlfn.XLOOKUP(C13,'DONNÉES BRUTES'!A$3:A$90,'DONNÉES BRUTES'!T$3:T$90),"—") -> -0.3x | M13: =IFERROR(_xlfn.XLOOKUP(C13,'DONNÉES BRUTES'!A$3:A$90,'DONNÉES BRUTES'!AB$3:AB$90),"—") -> 66 | N13: MSFT | O13: 87 | Q13: MSFT | R13: 4.46 | T13: MSFT | U13: -3 | W13: MSFT | X13: 56.9
B14: 8 | C14: =IFERROR(_xlfn.XLOOKUP(LARGE('DONNÉES BRUTES'!Z$3:Z$90,8),'DONNÉES BRUTES'!Z$3:Z$90,'DONNÉES BRUTES'!A$3:A$90),"—") -> FTNT | D14: =IFERROR(_xlfn.XLOOKUP(C14,'DONNÉES BRUTES'!A$3:A$90,'DONNÉES BRUTES'!B$3:B$90),"—") -> Fortinet, Inc. | F14: =IFERROR(_xlfn.XLOOKUP(C14,'DONNÉES BRUTES'!A$3:A$90,'DONNÉES BRUTES'!Z$3:Z$90)&"/100","—") -> 92/100 | G14: =IFERROR(_xlfn.XLOOKUP(C14,'DONNÉES BRUTES'!A$3:A$90,'DONNÉES BRUTES'!U$3:U$90),"—") -> 2.02 | H14: =IFERROR(_xlfn.XLOOKUP(C14,'DONNÉES BRUTES'!A$3:A$90,'DONNÉES BRUTES'!V$3:V$90),"—") -> -2.92 | I14: =IFERROR(_xlfn.XLOOKUP(C14,'DONNÉES BRUTES'!A$3:A$90,'DONNÉES BRUTES'!N$3:N$90),"—") -> 36.1% | J14: =IFERROR(_xlfn.XLOOKUP(C14,'DONNÉES BRUTES'!A$3:A$90,'DONNÉES BRUTES'!Q$3:Q$90),"—") -> +149.8% | K14: =IFERROR(_xlfn.XLOOKUP(C14,'DONNÉES BRUTES'!A$3:A$90,'DONNÉES BRUTES'!S$3:S$90),"—") -> 1.17 | L14: =IFERROR(_xlfn.XLOOKUP(C14,'DONNÉES BRUTES'!A$3:A$90,'DONNÉES BRUTES'!T$3:T$90),"—") -> -0.6x | M14: =IFERROR(_xlfn.XLOOKUP(C14,'DONNÉES BRUTES'!A$3:A$90,'DONNÉES BRUTES'!AB$3:AB$90),"—") -> 59 | N14: PAYC | O14: 86 | Q14: PAYC | R14: 0 | T14: PAYC | W14: PAYC | X14: 38.9
B15: 9 | C15: =IFERROR(_xlfn.XLOOKUP(LARGE('DONNÉES BRUTES'!Z$3:Z$90,9),'DONNÉES BRUTES'!Z$3:Z$90,'DONNÉES BRUTES'!A$3:A$90),"—") -> SGE.L | D15: =IFERROR(_xlfn.XLOOKUP(C15,'DONNÉES BRUTES'!A$3:A$90,'DONNÉES BRUTES'!B$3:B$90),"—") -> The Sage Group plc | F15: =IFERROR(_xlfn.XLOOKUP(C15,'DONNÉES BRUTES'!A$3:A$90,'DONNÉES BRUTES'!Z$3:Z$90)&"/100","—") -> 91/100 | G15: =IFERROR(_xlfn.XLOOKUP(C15,'DONNÉES BRUTES'!A$3:A$90,'DONNÉES BRUTES'!U$3:U$90),"—") -> — | H15: =IFERROR(_xlfn.XLOOKUP(C15,'DONNÉES BRUTES'!A$3:A$90,'DONNÉES BRUTES'!V$3:V$90),"—") -> — | I15: =IFERROR(_xlfn.XLOOKUP(C15,'DONNÉES BRUTES'!A$3:A$90,'DONNÉES BRUTES'!N$3:N$90),"—") -> 0.25 | J15: =IFERROR(_xlfn.XLOOKUP(C15,'DONNÉES BRUTES'!A$3:A$90,'DONNÉES BRUTES'!Q$3:Q$90),"—") -> — | K15: =IFERROR(_xlfn.XLOOKUP(C15,'DONNÉES BRUTES'!A$3:A$90,'DONNÉES BRUTES'!S$3:S$90),"—") -> — | L15: =IFERROR(_xlfn.XLOOKUP(C15,'DONNÉES BRUTES'!A$3:A$90,'DONNÉES BRUTES'!T$3:T$90),"—") -> — | M15: =IFERROR(_xlfn.XLOOKUP(C15,'DONNÉES BRUTES'!A$3:A$90,'DONNÉES BRUTES'!AB$3:AB$90),"—") -> 52 | N15: AVGO | O15: 85 | Q15: AVGO | R15: 2.66 | T15: AVGO | U15: -2.72 | W15: AVGO | X15: 54.3
B16: 10 | C16: =IFERROR(_xlfn.XLOOKUP(LARGE('DONNÉES BRUTES'!Z$3:Z$90,10),'DONNÉES BRUTES'!Z$3:Z$90,'DONNÉES BRUTES'!A$3:A$90),"—") -> ADSK | D16: =IFERROR(_xlfn.XLOOKUP(C16,'DONNÉES BRUTES'!A$3:A$90,'DONNÉES BRUTES'!B$3:B$90),"—") -> Autodesk, Inc. | F16: =IFERROR(_xlfn.XLOOKUP(C16,'DONNÉES BRUTES'!A$3:A$90,'DONNÉES BRUTES'!Z$3:Z$90)&"/100","—") -> 90/100 | G16: =IFERROR(_xlfn.XLOOKUP(C16,'DONNÉES BRUTES'!A$3:A$90,'DONNÉES BRUTES'!U$3:U$90),"—") -> 0.48 | H16: =IFERROR(_xlfn.XLOOKUP(C16,'DONNÉES BRUTES'!A$3:A$90,'DONNÉES BRUTES'!V$3:V$90),"—") -> -2.86 | I16: =IFERROR(_xlfn.XLOOKUP(C16,'DONNÉES BRUTES'!A$3:A$90,'DONNÉES BRUTES'!N$3:N$90),"—") -> 27.6% | J16: =IFERROR(_xlfn.XLOOKUP(C16,'DONNÉES BRUTES'!A$3:A$90,'DONNÉES BRUTES'!Q$3:Q$90),"—") -> +36.9% | K16: =IFERROR(_xlfn.XLOOKUP(C16,'DONNÉES BRUTES'!A$3:A$90,'DONNÉES BRUTES'!S$3:S$90),"—") -> 0.85 | L16: =IFERROR(_xlfn.XLOOKUP(C16,'DONNÉES BRUTES'!A$3:A$90,'DONNÉES BRUTES'!T$3:T$90),"—") -> 0.1x | M16: =IFERROR(_xlfn.XLOOKUP(C16,'DONNÉES BRUTES'!A$3:A$90,'DONNÉES BRUTES'!AB$3:AB$90),"—") -> 65 | N16: FFIV | O16: 84 | Q16: FFIV | R16: 5.01 | T16: FFIV | U16: -3.06 | W16: FFIV | X16: 28.6
B17: 11 | C17: =IFERROR(_xlfn.XLOOKUP(LARGE('DONNÉES BRUTES'!Z$3:Z$90,11),'DONNÉES BRUTES'!Z$3:Z$90,'DONNÉES BRUTES'!A$3:A$90),"—") -> ANET | D17: =IFERROR(_xlfn.XLOOKUP(C17,'DONNÉES BRUTES'!A$3:A$90,'DONNÉES BRUTES'!B$3:B$90),"—") -> Arista Networks, Inc. | F17: =IFERROR(_xlfn.XLOOKUP(C17,'DONNÉES BRUTES'!A$3:A$90,'DONNÉES BRUTES'!Z$3:Z$90)&"/100","—") -> 89/100 | G17: =IFERROR(_xlfn.XLOOKUP(C17,'DONNÉES BRUTES'!A$3:A$90,'DONNÉES BRUTES'!U$3:U$90),"—") -> 8.46 | H17: =IFERROR(_xlfn.XLOOKUP(C17,'DONNÉES BRUTES'!A$3:A$90,'DONNÉES BRUTES'!V$3:V$90),"—") -> -2.58 | I17: =IFERROR(_xlfn.XLOOKUP(C17,'DONNÉES BRUTES'!A$3:A$90,'DONNÉES BRUTES'!N$3:N$90),"—") -> 43.6% | J17: =IFERROR(_xlfn.XLOOKUP(C17,'DONNÉES BRUTES'!A$3:A$90,'DONNÉES BRUTES'!Q$3:Q$90),"—") -> +28.4% | K17: =IFERROR(_xlfn.XLOOKUP(C17,'DONNÉES BRUTES'!A$3:A$90,'DONNÉES BRUTES'!S$3:S$90),"—") -> 3.05 | L17: =IFERROR(_xlfn.XLOOKUP(C17,'DONNÉES BRUTES'!A$3:A$90,'DONNÉES BRUTES'!T$3:T$90),"—") -> -0.5x | M17: =IFERROR(_xlfn.XLOOKUP(C17,'DONNÉES BRUTES'!A$3:A$90,'DONNÉES BRUTES'!AB$3:AB$90),"—") -> 83 | N17: CPAY | O17: 83 | Q17: CPAY | R17: 1.86 | T17: CPAY | U17: -3.13 | W17: CPAY | X17: 51.6
B18: 12 | C18: =IFERROR(_xlfn.XLOOKUP(LARGE('DONNÉES BRUTES'!Z$3:Z$90,12),'DONNÉES BRUTES'!Z$3:Z$90,'DONNÉES BRUTES'!A$3:A$90),"—") -> MSFT | D18: =IFERROR(_xlfn.XLOOKUP(C18,'DONNÉES BRUTES'!A$3:A$90,'DONNÉES BRUTES'!B$3:B$90),"—") -> Microsoft Corporation | F18: =IFERROR(_xlfn.XLOOKUP(C18,'DONNÉES BRUTES'!A$3:A$90,'DONNÉES BRUTES'!Z$3:Z$90)&"/100","—") -> 87/100 | G18: =IFERROR(_xlfn.XLOOKUP(C18,'DONNÉES BRUTES'!A$3:A$90,'DONNÉES BRUTES'!U$3:U$90),"—") -> 4.46 | H18: =IFERROR(_xlfn.XLOOKUP(C18,'DONNÉES BRUTES'!A$3:A$90,'DONNÉES BRUTES'!V$3:V$90),"—") -> -3.00 | I18: =IFERROR(_xlfn.XLOOKUP(C18,'DONNÉES BRUTES'!A$3:A$90,'DONNÉES BRUTES'!N$3:N$90),"—") -> 56.9% | J18: =IFERROR(_xlfn.XLOOKUP(C18,'DONNÉES BRUTES'!A$3:A$90,'DONNÉES BRUTES'!Q$3:Q$90),"—") -> +29.6% | K18: =IFERROR(_xlfn.XLOOKUP(C18,'DONNÉES BRUTES'!A$3:A$90,'DONNÉES BRUTES'!S$3:S$90),"—") -> 1.35 | L18: =IFERROR(_xlfn.XLOOKUP(C18,'DONNÉES BRUTES'!A$3:A$90,'DONNÉES BRUTES'!T$3:T$90),"—") -> 0.1x | M18: =IFERROR(_xlfn.XLOOKUP(C18,'DONNÉES BRUTES'!A$3:A$90,'DONNÉES BRUTES'!AB$3:AB$90),"—") -> 62 | N18: INTU | O18: 82 | Q18: INTU | R18: 4.52 | T18: INTU | U18: -3.05 | W18: INTU | X18: 31.3
B19: 13 | C19: =IFERROR(_xlfn.XLOOKUP(LARGE('DONNÉES BRUTES'!Z$3:Z$90,13),'DONNÉES BRUTES'!Z$3:Z$90,'DONNÉES BRUTES'!A$3:A$90),"—") -> PAYC | D19: =IFERROR(_xlfn.XLOOKUP(C19,'DONNÉES BRUTES'!A$3:A$90,'DONNÉES BRUTES'!B$3:B$90),"—") -> Paycom Software, Inc. | F19: =IFERROR(_xlfn.XLOOKUP(C19,'DONNÉES BRUTES'!A$3:A$90,'DONNÉES BRUTES'!Z$3:Z$90)&"/100","—") -> 86/100 | G19: =IFERROR(_xlfn.XLOOKUP(C19,'DONNÉES BRUTES'!A$3:A$90,'DONNÉES BRUTES'!U$3:U$90),"—") -> — | H19: =IFERROR(_xlfn.XLOOKUP(C19,'DONNÉES BRUTES'!A$3:A$90,'DONNÉES BRUTES'!V$3:V$90),"—") -> — | I19: =IFERROR(_xlfn.XLOOKUP(C19,'DONNÉES BRUTES'!A$3:A$90,'DONNÉES BRUTES'!N$3:N$90),"—") -> 0.389 | J19: =IFERROR(_xlfn.XLOOKUP(C19,'DONNÉES BRUTES'!A$3:A$90,'DONNÉES BRUTES'!Q$3:Q$90),"—") -> — | K19: =IFERROR(_xlfn.XLOOKUP(C19,'DONNÉES BRUTES'!A$3:A$90,'DONNÉES BRUTES'!S$3:S$90),"—") -> — | L19: =IFERROR(_xlfn.XLOOKUP(C19,'DONNÉES BRUTES'!A$3:A$90,'DONNÉES BRUTES'!T$3:T$90),"—") -> — | M19: =IFERROR(_xlfn.XLOOKUP(C19,'DONNÉES BRUTES'!A$3:A$90,'DONNÉES BRUTES'!AB$3:AB$90),"—") -> 39 | N19: SNPS | O19: 80 | Q19: SNPS | R19: 2.76 | T19: SNPS | U19: -2.05 | W19: SNPS | X19: 35.4
B20: 14 | C20: =IFERROR(_xlfn.XLOOKUP(LARGE('DONNÉES BRUTES'!Z$3:Z$90,14),'DONNÉES BRUTES'!Z$3:Z$90,'DONNÉES BRUTES'!A$3:A$90),"—") -> AVGO | D20: =IFERROR(_xlfn.XLOOKUP(C20,'DONNÉES BRUTES'!A$3:A$90,'DONNÉES BRUTES'!B$3:B$90),"—") -> Broadcom Inc. | F20: =IFERROR(_xlfn.XLOOKUP(C20,'DONNÉES BRUTES'!A$3:A$90,'DONNÉES BRUTES'!Z$3:Z$90)&"/100","—") -> 85/100 | G20: =IFERROR(_xlfn.XLOOKUP(C20,'DONNÉES BRUTES'!A$3:A$90,'DONNÉES BRUTES'!U$3:U$90),"—") -> 2.66 | H20: =IFERROR(_xlfn.XLOOKUP(C20,'DONNÉES BRUTES'!A$3:A$90,'DONNÉES BRUTES'!V$3:V$90),"—") -> -2.72 | I20: =IFERROR(_xlfn.XLOOKUP(C20,'DONNÉES BRUTES'!A$3:A$90,'DONNÉES BRUTES'!N$3:N$90),"—") -> 54.3% | J20: =IFERROR(_xlfn.XLOOKUP(C20,'DONNÉES BRUTES'!A$3:A$90,'DONNÉES BRUTES'!Q$3:Q$90),"—") -> +28.4% | K20: =IFERROR(_xlfn.XLOOKUP(C20,'DONNÉES BRUTES'!A$3:A$90,'DONNÉES BRUTES'!S$3:S$90),"—") -> 1.71 | L20: =IFERROR(_xlfn.XLOOKUP(C20,'DONNÉES BRUTES'!A$3:A$90,'DONNÉES BRUTES'!T$3:T$90),"—") -> 1.4x | M20: =IFERROR(_xlfn.XLOOKUP(C20,'DONNÉES BRUTES'!A$3:A$90,'DONNÉES BRUTES'!AB$3:AB$90),"—") -> 81 | N20: KLAC | O20: 79 | Q20: KLAC | R20: 5.64 | T20: KLAC | U20: -2.95 | W20: KLAC | X20: 43.9
B21: 15 | C21: =IFERROR(_xlfn.XLOOKUP(LARGE('DONNÉES BRUTES'!Z$3:Z$90,15),'DONNÉES BRUTES'!Z$3:Z$90,'DONNÉES BRUTES'!A$3:A$90),"—") -> FFIV | D21: =IFERROR(_xlfn.XLOOKUP(C21,'DONNÉES BRUTES'!A$3:A$90,'DONNÉES BRUTES'!B$3:B$90),"—") -> F5, Inc. | F21: =IFERROR(_xlfn.XLOOKUP(C21,'DONNÉES BRUTES'!A$3:A$90,'DONNÉES BRUTES'!Z$3:Z$90)&"/100","—") -> 84/100 | G21: =IFERROR(_xlfn.XLOOKUP(C21,'DONNÉES BRUTES'!A$3:A$90,'DONNÉES BRUTES'!U$3:U$90),"—") -> 5.01 | H21: =IFERROR(_xlfn.XLOOKUP(C21,'DONNÉES BRUTES'!A$3:A$90,'DONNÉES BRUTES'!V$3:V$90),"—") -> -3.06 | I21: =IFERROR(_xlfn.XLOOKUP(C21,'DONNÉES BRUTES'!A$3:A$90,'DONNÉES BRUTES'!N$3:N$90),"—") -> 28.6% | J21: =IFERROR(_xlfn.XLOOKUP(C21,'DONNÉES BRUTES'!A$3:A$90,'DONNÉES BRUTES'!Q$3:Q$90),"—") -> +19.3% | K21: =IFERROR(_xlfn.XLOOKUP(C21,'DONNÉES BRUTES'!A$3:A$90,'DONNÉES BRUTES'!S$3:S$90),"—") -> 1.56 | L21: =IFERROR(_xlfn.XLOOKUP(C21,'DONNÉES BRUTES'!A$3:A$90,'DONNÉES BRUTES'!T$3:T$90),"—") -> -1.2x | M21: =IFERROR(_xlfn.XLOOKUP(C21,'DONNÉES BRUTES'!A$3:A$90,'DONNÉES BRUTES'!AB$3:AB$90),"—") -> 64 | N21: APH | O21: 78 | Q21: APH | R21: 5.05 | T21: APH | U21: -2.88 | W21: APH | X21: 29.8
B22: 16 | C22: =IFERROR(_xlfn.XLOOKUP(LARGE('DONNÉES BRUTES'!Z$3:Z$90,16),'DONNÉES BRUTES'!Z$3:Z$90,'DONNÉES BRUTES'!A$3:A$90),"—") -> CPAY | D22: =IFERROR(_xlfn.XLOOKUP(C22,'DONNÉES BRUTES'!A$3:A$90,'DONNÉES BRUTES'!B$3:B$90),"—") -> Corpay, Inc. | F22: =IFERROR(_xlfn.XLOOKUP(C22,'DONNÉES BRUTES'!A$3:A$90,'DONNÉES BRUTES'!Z$3:Z$90)&"/100","—") -> 83/100 | G22: =IFERROR(_xlfn.XLOOKUP(C22,'DONNÉES BRUTES'!A$3:A$90,'DONNÉES BRUTES'!U$3:U$90),"—") -> 1.86 | H22: =IFERROR(_xlfn.XLOOKUP(C22,'DONNÉES BRUTES'!A$3:A$90,'DONNÉES BRUTES'!V$3:V$90),"—") -> -3.13 | I22: =IFERROR(_xlfn.XLOOKUP(C22,'DONNÉES BRUTES'!A$3:A$90,'DONNÉES BRUTES'!N$3:N$90),"—") -> 51.6% | J22: =IFERROR(_xlfn.XLOOKUP(C22,'DONNÉES BRUTES'!A$3:A$90,'DONNÉES BRUTES'!Q$3:Q$90),"—") -> +27.5% | K22: =IFERROR(_xlfn.XLOOKUP(C22,'DONNÉES BRUTES'!A$3:A$90,'DONNÉES BRUTES'!S$3:S$90),"—") -> 0.98 | L22: =IFERROR(_xlfn.XLOOKUP(C22,'DONNÉES BRUTES'!A$3:A$90,'DONNÉES BRUTES'!T$3:T$90),"—") -> 3.2x | M22: =IFERROR(_xlfn.XLOOKUP(C22,'DONNÉES BRUTES'!A$3:A$90,'DONNÉES BRUTES'!AB$3:AB$90),"—") -> 60 | N22: =IFERROR(_xlfn.XLOOKUP(C22,'DONNÉES BRUTES'!A$3:A$90,'DONNÉES BRUTES'!AD$3:AD$90),"—") -> Neutre
B23: 17 | C23: =IFERROR(_xlfn.XLOOKUP(LARGE('DONNÉES BRUTES'!Z$3:Z$90,17),'DONNÉES BRUTES'!Z$3:Z$90,'DONNÉES BRUTES'!A$3:A$90),"—") -> INTU | D23: =IFERROR(_xlfn.XLOOKUP(C23,'DONNÉES BRUTES'!A$3:A$90,'DONNÉES BRUTES'!B$3:B$90),"—") -> Intuit Inc. | F23: =IFERROR(_xlfn.XLOOKUP(C23,'DONNÉES BRUTES'!A$3:A$90,'DONNÉES BRUTES'!Z$3:Z$90)&"/100","—") -> 82/100 | G23: =IFERROR(_xlfn.XLOOKUP(C23,'DONNÉES BRUTES'!A$3:A$90,'DONNÉES BRUTES'!U$3:U$90),"—") -> 4.52 | H23: =IFERROR(_xlfn.XLOOKUP(C23,'DONNÉES BRUTES'!A$3:A$90,'DONNÉES BRUTES'!V$3:V$90),"—") -> -3.05 | I23: =IFERROR(_xlfn.XLOOKUP(C23,'DONNÉES BRUTES'!A$3:A$90,'DONNÉES BRUTES'!N$3:N$90),"—") -> 31.3% | J23: =IFERROR(_xlfn.XLOOKUP(C23,'DONNÉES BRUTES'!A$3:A$90,'DONNÉES BRUTES'!Q$3:Q$90),"—") -> +19.6% | K23: =IFERROR(_xlfn.XLOOKUP(C23,'DONNÉES BRUTES'!A$3:A$90,'DONNÉES BRUTES'!S$3:S$90),"—") -> 1.36 | L23: =IFERROR(_xlfn.XLOOKUP(C23,'DONNÉES BRUTES'!A$3:A$90,'DONNÉES BRUTES'!T$3:T$90),"—") -> 0.5x | M23: =IFERROR(_xlfn.XLOOKUP(C23,'DONNÉES BRUTES'!A$3:A$90,'DONNÉES BRUTES'!AB$3:AB$90),"—") -> 55 | N23: =IFERROR(_xlfn.XLOOKUP(C23,'DONNÉES BRUTES'!A$3:A$90,'DONNÉES BRUTES'!AD$3:AD$90),"—") -> Neutre
B24: 18 | C24: =IFERROR(_xlfn.XLOOKUP(LARGE('DONNÉES BRUTES'!Z$3:Z$90,18),'DONNÉES BRUTES'!Z$3:Z$90,'DONNÉES BRUTES'!A$3:A$90),"—") -> SNPS | D24: =IFERROR(_xlfn.XLOOKUP(C24,'DONNÉES BRUTES'!A$3:A$90,'DONNÉES BRUTES'!B$3:B$90),"—") -> Synopsys, Inc. | F24: =IFERROR(_xlfn.XLOOKUP(C24,'DONNÉES BRUTES'!A$3:A$90,'DONNÉES BRUTES'!Z$3:Z$90)&"/100","—") -> 80/100 | G24: =IFERROR(_xlfn.XLOOKUP(C24,'DONNÉES BRUTES'!A$3:A$90,'DONNÉES BRUTES'!U$3:U$90),"—") -> 2.76 | H24: =IFERROR(_xlfn.XLOOKUP(C24,'DONNÉES BRUTES'!A$3:A$90,'DONNÉES BRUTES'!V$3:V$90),"—") -> -2.05 | I24: =IFERROR(_xlfn.XLOOKUP(C24,'DONNÉES BRUTES'!A$3:A$90,'DONNÉES BRUTES'!N$3:N$90),"—") -> 35.4% | J24: =IFERROR(_xlfn.XLOOKUP(C24,'DONNÉES BRUTES'!A$3:A$90,'DONNÉES BRUTES'!Q$3:Q$90),"—") -> +4.7% | K24: =IFERROR(_xlfn.XLOOKUP(C24,'DONNÉES BRUTES'!A$3:A$90,'DONNÉES BRUTES'!S$3:S$90),"—") -> 1.62 | L24: =IFERROR(_xlfn.XLOOKUP(C24,'DONNÉES BRUTES'!A$3:A$90,'DONNÉES BRUTES'!T$3:T$90),"—") -> 4.2x | M24: =IFERROR(_xlfn.XLOOKUP(C24,'DONNÉES BRUTES'!A$3:A$90,'DONNÉES BRUTES'!AB$3:AB$90),"—") -> 66 | N24: =IFERROR(_xlfn.XLOOKUP(C24,'DONNÉES BRUTES'!A$3:A$90,'DONNÉES BRUTES'!AD$3:AD$90),"—") -> Neutre
B25: 19 | C25: =IFERROR(_xlfn.XLOOKUP(LARGE('DONNÉES BRUTES'!Z$3:Z$90,19),'DONNÉES BRUTES'!Z$3:Z$90,'DONNÉES BRUTES'!A$3:A$90),"—") -> SNPS | D25: =IFERROR(_xlfn.XLOOKUP(C25,'DONNÉES BRUTES'!A$3:A$90,'DONNÉES BRUTES'!B$3:B$90),"—") -> Synopsys, Inc. | F25: =IFERROR(_xlfn.XLOOKUP(C25,'DONNÉES BRUTES'!A$3:A$90,'DONNÉES BRUTES'!Z$3:Z$90)&"/100","—") -> 80/100 | G25: =IFERROR(_xlfn.XLOOKUP(C25,'DONNÉES BRUTES'!A$3:A$90,'DONNÉES BRUTES'!U$3:U$90),"—") -> 2.76 | H25: =IFERROR(_xlfn.XLOOKUP(C25,'DONNÉES BRUTES'!A$3:A$90,'DONNÉES BRUTES'!V$3:V$90),"—") -> -2.05 | I25: =IFERROR(_xlfn.XLOOKUP(C25,'DONNÉES BRUTES'!A$3:A$90,'DONNÉES BRUTES'!N$3:N$90),"—") -> 35.4% | J25: =IFERROR(_xlfn.XLOOKUP(C25,'DONNÉES BRUTES'!A$3:A$90,'DONNÉES BRUTES'!Q$3:Q$90),"—") -> +4.7% | K25: =IFERROR(_xlfn.XLOOKUP(C25,'DONNÉES BRUTES'!A$3:A$90,'DONNÉES BRUTES'!S$3:S$90),"—") -> 1.62 | L25: =IFERROR(_xlfn.XLOOKUP(C25,'DONNÉES BRUTES'!A$3:A$90,'DONNÉES BRUTES'!T$3:T$90),"—") -> 4.2x | M25: =IFERROR(_xlfn.XLOOKUP(C25,'DONNÉES BRUTES'!A$3:A$90,'DONNÉES BRUTES'!AB$3:AB$90),"—") -> 66 | N25: =IFERROR(_xlfn.XLOOKUP(C25,'DONNÉES BRUTES'!A$3:A$90,'DONNÉES BRUTES'!AD$3:AD$90),"—") -> Neutre
B26: 20 | C26: =IFERROR(_xlfn.XLOOKUP(LARGE('DONNÉES BRUTES'!Z$3:Z$90,20),'DONNÉES BRUTES'!Z$3:Z$90,'DONNÉES BRUTES'!A$3:A$90),"—") -> KLAC | D26: =IFERROR(_xlfn.XLOOKUP(C26,'DONNÉES BRUTES'!A$3:A$90,'DONNÉES BRUTES'!B$3:B$90),"—") -> KLA Corporation | F26: =IFERROR(_xlfn.XLOOKUP(C26,'DONNÉES BRUTES'!A$3:A$90,'DONNÉES BRUTES'!Z$3:Z$90)&"/100","—") -> 79/100 | G26: =IFERROR(_xlfn.XLOOKUP(C26,'DONNÉES BRUTES'!A$3:A$90,'DONNÉES BRUTES'!U$3:U$90),"—") -> 5.64 | H26: =IFERROR(_xlfn.XLOOKUP(C26,'DONNÉES BRUTES'!A$3:A$90,'DONNÉES BRUTES'!V$3:V$90),"—") -> -2.95 | I26: =IFERROR(_xlfn.XLOOKUP(C26,'DONNÉES BRUTES'!A$3:A$90,'DONNÉES BRUTES'!N$3:N$90),"—") -> 43.9% | J26: =IFERROR(_xlfn.XLOOKUP(C26,'DONNÉES BRUTES'!A$3:A$90,'DONNÉES BRUTES'!Q$3:Q$90),"—") -> +86.6% | K26: =IFERROR(_xlfn.XLOOKUP(C26,'DONNÉES BRUTES'!A$3:A$90,'DONNÉES BRUTES'!S$3:S$90),"—") -> 2.62 | L26: =IFERROR(_xlfn.XLOOKUP(C26,'DONNÉES BRUTES'!A$3:A$90,'DONNÉES BRUTES'!T$3:T$90),"—") -> 0.7x | M26: =IFERROR(_xlfn.XLOOKUP(C26,'DONNÉES BRUTES'!A$3:A$90,'DONNÉES BRUTES'!AB$3:AB$90),"—") -> 84 | N26: =IFERROR(_xlfn.XLOOKUP(C26,'DONNÉES BRUTES'!A$3:A$90,'DONNÉES BRUTES'!AD$3:AD$90),"—") -> Surpondérer
B28: FinSight IA · Screening Technology · Ne constitue pas un conseil en investissement

Sheet MOMENTUM
B1: FinSight IA · Analyse MOMENTUM · Technology Screening · 22/03/2026 | N1: Ticker | O1: Score | Q1: Ticker | R1: Mom% | T1: Ticker | U1: Mg EBITDA (%) | W1: Score Momentum | X1: Score Global
B2: Usage confidentiel · Calculs FinSight IA · Screening Technology | N2: SNDK | O2: 100 | Q2: SNDK | R2: 0 | T2: SNDK | U2: -17 | W2: 100 | X2: 34
C3: =COUNTA('DONNÉES BRUTES'!A$3:A$90) -> 88 | G3: =IFERROR(_xlfn.XLOOKUP(LARGE('DONNÉES BRUTES'!AA$3:AA$90,1),'DONNÉES BRUTES'!AA$3:AA$90,'DONNÉES BRUTES'!A$3:A$90),"—") -> SNDK | K3: =IFERROR(ROUND(AVERAGE('DONNÉES BRUTES'!AA$3:AA$90),0)&"/100","—") -> 49/100 | N3: WDC | O3: 99 | Q3: WDC | R3: 477 | T3: WDC | U3: 20.4 | W3: 99 | X3: 77
C4: Sociétés | G4: #1 Momentum | K4: Moy. Score Momentum | N4: CIEN | O4: 98 | Q4: CIEN | R4: 455 | T4: CIEN | U4: 8.1 | W4: 98 | X4: 59
B5: ANALYSE DÉTAILLÉE · TECHNOLOGY · TOP 20 par Momentum · Triée par Score Momentum | N5: TER | O5: 97 | Q5: TER | R5: 292 | T5: TER | U5: 24.7 | W5: 97 | X5: 66
B6: # | C6: Ticker | D6: Société | F6: Score | G6: Mom 52W | H6: Mg EBITDA | I6: Score Global | J6: Score Growth | K6: Next Earn. | L6: Signal | N6: MU | O6: 95 | Q6: MU | R6: 283 | T6: MU | U6: 49.4 | W6: 95 | X6: 78
B7: 1 | C7: =IFERROR(_xlfn.XLOOKUP(LARGE('DONNÉES BRUTES'!AA$3:AA$90,1),'DONNÉES BRUTES'!AA$3:AA$90,'DONNÉES BRUTES'!A$3:A$90),"—") -> SNDK | D7: =IFERROR(_xlfn.XLOOKUP(C7,'DONNÉES BRUTES'!A$3:A$90,'DONNÉES BRUTES'!B$3:B$90),"—") -> Sandisk Corporation | F7: =IFERROR(_xlfn.XLOOKUP(C7,'DONNÉES BRUTES'!A$3:A$90,'DONNÉES BRUTES'!AA$3:AA$90)&"/100","—") -> 100/100 | G7: =IFERROR(_xlfn.XLOOKUP(C7,'DONNÉES BRUTES'!A$3:A$90,'DONNÉES BRUTES'!W$3:W$90),"—") -> — | H7: =IFERROR(_xlfn.XLOOKUP(C7,'DONNÉES BRUTES'!A$3:A$90,'DONNÉES BRUTES'!N$3:N$90),"—") -> -0.17 | I7: =IFERROR(_xlfn.XLOOKUP(C7,'DONNÉES BRUTES'!A$3:A$90,'DONNÉES BRUTES'!AB$3:AB$90),"—") -> 34 | J7: =IFERROR(_xlfn.XLOOKUP(C7,'DONNÉES BRUTES'!A$3:A$90,'DONNÉES BRUTES'!Y$3:Y$90),"—") -> 1 | K7: =IFERROR(_xlfn.XLOOKUP(C7,'DONNÉES BRUTES'!A$3:A$90,'DONNÉES BRUTES'!AC$3:AC$90),"—") -> — | L7: =IFERROR(_xlfn.XLOOKUP(C7,'DONNÉES BRUTES'!A$3:A$90,'DONNÉES BRUTES'!AD$3:AD$90),"—") -> Sous-pondérer | N7: STX | O7: 94 | Q7: STX | R7: 264 | T7: STX | U7: 22.9 | W7: 94 | X7: 73
B8: 2 | C8: =IFERROR(_xlfn.XLOOKUP(LARGE('DONNÉES BRUTES'!AA$3:AA$90,2),'DONNÉES BRUTES'!AA$3:AA$90,'DONNÉES BRUTES'!A$3:A$90),"—") -> WDC | D8: =IFERROR(_xlfn.XLOOKUP(C8,'DONNÉES BRUTES'!A$3:A$90,'DONNÉES BRUTES'!B$3:B$90),"—") -> Western Digital Corporation | F8: =IFERROR(_xlfn.XLOOKUP(C8,'DONNÉES BRUTES'!A$3:A$90,'DONNÉES BRUTES'!AA$3:AA$90)&"/100","—") -> 99/100 | G8: =IFERROR(_xlfn.XLOOKUP(C8,'DONNÉES BRUTES'!A$3:A$90,'DONNÉES BRUTES'!W$3:W$90),"—") -> +477.2% | H8: =IFERROR(_xlfn.XLOOKUP(C8,'DONNÉES BRUTES'!A$3:A$90,'DONNÉES BRUTES'!N$3:N$90),"—") -> 20.4% | I8: =IFERROR(_xlfn.XLOOKUP(C8,'DONNÉES BRUTES'!A$3:A$90,'DONNÉES BRUTES'!AB$3:AB$90),"—") -> 77 | J8: =IFERROR(_xlfn.XLOOKUP(C8,'DONNÉES BRUTES'!A$3:A$90,'DONNÉES BRUTES'!Y$3:Y$90),"—") -> 99 | K8: =IFERROR(_xlfn.XLOOKUP(C8,'DONNÉES BRUTES'!A$3:A$90,'DONNÉES BRUTES'!AC$3:AC$90),"—") -> 2026-05-06 | L8: =IFERROR(_xlfn.XLOOKUP(C8,'DONNÉES BRUTES'!A$3:A$90,'DONNÉES BRUTES'!AD$3:AD$90),"—") -> Surpondérer | N8: GLW | O8: 93 | Q8: GLW | R8: 199 | T8: GLW | U8: 23.9 | W8: 93 | X8: 68
B9: 3 | C9: =IFERROR(_xlfn.XLOOKUP(LARGE('DONNÉES BRUTES'!AA$3:AA$90,3),'DONNÉES BRUTES'!AA$3:AA$90,'DONNÉES BRUTES'!A$3:A$90),"—") -> CIEN | D9: =IFERROR(_xlfn.XLOOKUP(C9,'DONNÉES BRUTES'!A$3:A$90,'DONNÉES BRUTES'!B$3:B$90),"—") -> Ciena Corporation | F9: =IFERROR(_xlfn.XLOOKUP(C9,'DONNÉES BRUTES'!A$3:A$90,'DONNÉES BRUTES'!AA$3:AA$90)&"/100","—") -> 98/100 | G9: =IFERROR(_xlfn.XLOOKUP(C9,'DONNÉES BRUTES'!A$3:A$90,'DONNÉES BRUTES'!W$3:W$90),"—") -> +454.6% | H9: =IFERROR(_xlfn.XLOOKUP(C9,'DONNÉES BRUTES'!A$3:A$90,'DONNÉES BRUTES'!N$3:N$90),"—") -> 8.1% | I9: =IFERROR(_xlfn.XLOOKUP(C9,'DONNÉES BRUTES'!A$3:A$90,'DONNÉES BRUTES'!AB$3:AB$90),"—") -> 59 | J9: =IFERROR(_xlfn.XLOOKUP(C9,'DONNÉES BRUTES'!A$3:A$90,'DONNÉES BRUTES'!Y$3:Y$90),"—") -> 59 | K9: =IFERROR(_xlfn.XLOOKUP(C9,'DONNÉES BRUTES'!A$3:A$90,'DONNÉES BRUTES'!AC$3:AC$90),"—") -> 2026-06-04 | L9: =IFERROR(_xlfn.XLOOKUP(C9,'DONNÉES BRUTES'!A$3:A$90,'DONNÉES BRUTES'!AD$3:AD$90),"—") -> Neutre | N9: LRCX | O9: 92 | Q9: LRCX | R9: 172 | T9: LRCX | U9: 35.4 | W9: 92 | X9: 77
B10: 4 | C10: =IFERROR(_xlfn.XLOOKUP(LARGE('DONNÉES BRUTES'!AA$3:AA$90,4),'DONNÉES BRUTES'!AA$3:AA$90,'DONNÉES BRUTES'!A$3:A$90),"—") -> TER | D10: =IFERROR(_xlfn.XLOOKUP(C10,'DONNÉES BRUTES'!A$3:A$90,'DONNÉES BRUTES'!B$3:B$90),"—") -> Teradyne, Inc. | F10: =IFERROR(_xlfn.XLOOKUP(C10,'DONNÉES BRUTES'!A$3:A$90,'DONNÉES BRUTES'!AA$3:AA$90)&"/100","—") -> 97/100 | G10: =IFERROR(_xlfn.XLOOKUP(C10,'DONNÉES BRUTES'!A$3:A$90,'DONNÉES BRUTES'!W$3:W$90),"—") -> +292.0% | H10: =IFERROR(_xlfn.XLOOKUP(C10,'DONNÉES BRUTES'!A$3:A$90,'DONNÉES BRUTES'!N$3:N$90),"—") -> 24.7% | I10: =IFERROR(_xlfn.XLOOKUP(C10,'DONNÉES BRUTES'!A$3:A$90,'DONNÉES BRUTES'!AB$3:AB$90),"—") -> 66 | J10: =IFERROR(_xlfn.XLOOKUP(C10,'DONNÉES BRUTES'!A$3:A$90,'DONNÉES BRUTES'!Y$3:Y$90),"—") -> 47 | K10: =IFERROR(_xlfn.XLOOKUP(C10,'DONNÉES BRUTES'!A$3:A$90,'DONNÉES BRUTES'!AC$3:AC$90),"—") -> 2026-04-29 | L10: =IFERROR(_xlfn.XLOOKUP(C10,'DONNÉES BRUTES'!A$3:A$90,'DONNÉES BRUTES'!AD$3:AD$90),"—") -> Neutre | N10: INTC | O10: 91 | Q10: INTC | R10: 152 | T10: INTC | U10: 27.2 | W10: 91 | X10: 67
B11: 5 | C11: =IFERROR(_xlfn.XLOOKUP(LARGE('DONNÉES BRUTES'!AA$3:AA$90,5),'DONNÉES BRUTES'!AA$3:AA$90,'DONNÉES BRUTES'!A$3:A$90),"—") -> MU | D11: =IFERROR(_xlfn.XLOOKUP(C11,'DONNÉES BRUTES'!A$3:A$90,'DONNÉES BRUTES'!B$3:B$90),"—") -> Micron Technology, Inc. | F11: =IFERROR(_xlfn.XLOOKUP(C11,'DONNÉES BRUTES'!A$3:A$90,'DONNÉES BRUTES'!AA$3:AA$90)&"/100","—") -> 95/100 | G11: =IFERROR(_xlfn.XLOOKUP(C11,'DONNÉES BRUTES'!A$3:A$90,'DONNÉES BRUTES'!W$3:W$90),"—") -> +283.3% | H11: =IFERROR(_xlfn.XLOOKUP(C11,'DONNÉES BRUTES'!A$3:A$90,'DONNÉES BRUTES'!N$3:N$90),"—") -> 49.4% | I11: =IFERROR(_xlfn.XLOOKUP(C11,'DONNÉES BRUTES'!A$3:A$90,'DONNÉES BRUTES'!AB$3:AB$90),"—") -> 78 | J11: =IFERROR(_xlfn.XLOOKUP(C11,'DONNÉES BRUTES'!A$3:A$90,'DONNÉES BRUTES'!Y$3:Y$90),"—") -> 98 | K11: =IFERROR(_xlfn.XLOOKUP(C11,'DONNÉES BRUTES'!A$3:A$90,'DONNÉES BRUTES'!AC$3:AC$90),"—") -> — | L11: =IFERROR(_xlfn.XLOOKUP(C11,'DONNÉES BRUTES'!A$3:A$90,'DONNÉES BRUTES'!AD$3:AD$90),"—") -> Surpondérer | N11: AMAT | O11: 90 | Q11: AMAT | R11: 125 | T11: AMAT | U11: 35.2 | W11: 90 | X11: 60
B12: 6 | C12: =IFERROR(_xlfn.XLOOKUP(LARGE('DONNÉES BRUTES'!AA$3:AA$90,6),'DONNÉES BRUTES'!AA$3:AA$90,'DONNÉES BRUTES'!A$3:A$90),"—") -> STX | D12: =IFERROR(_xlfn.XLOOKUP(C12,'DONNÉES BRUTES'!A$3:A$90,'DONNÉES BRUTES'!B$3:B$90),"—") -> Seagate Technology Holdings plc | F12: =IFERROR(_xlfn.XLOOKUP(C12,'DONNÉES BRUTES'!A$3:A$90,'DONNÉES BRUTES'!AA$3:AA$90)&"/100","—") -> 94/100 | G12: =IFERROR(_xlfn.XLOOKUP(C12,'DONNÉES BRUTES'!A$3:A$90,'DONNÉES BRUTES'!W$3:W$90),"—") -> +264.4% | H12: =IFERROR(_xlfn.XLOOKUP(C12,'DONNÉES BRUTES'!A$3:A$90,'DONNÉES BRUTES'!N$3:N$90),"—") -> 22.9% | I12: =IFERROR(_xlfn.XLOOKUP(C12,'DONNÉES BRUTES'!A$3:A$90,'DONNÉES BRUTES'!AB$3:AB$90),"—") -> 73 | J12: =IFERROR(_xlfn.XLOOKUP(C12,'DONNÉES BRUTES'!A$3:A$90,'DONNÉES BRUTES'!Y$3:Y$90),"—") -> 97 | K12: =IFERROR(_xlfn.XLOOKUP(C12,'DONNÉES BRUTES'!A$3:A$90,'DONNÉES BRUTES'!AC$3:AC$90),"—") -> 2026-05-05 | L12: =IFERROR(_xlfn.XLOOKUP(C12,'DONNÉES BRUTES'!A$3:A$90,'DONNÉES BRUTES'!AD$3:AD$90),"—") -> Neutre | N12: KLAC | O12: 88 | Q12: KLAC | R12: 102 | T12: KLAC | U12: 43.9 | W12: 88 | X12: 84
B13: 7 | C13: =IFERROR(_xlfn.XLOOKUP(LARGE('DONNÉES BRUTES'!AA$3:AA$90,7),'DONNÉES BRUTES'!AA$3:AA$90,'DONNÉES BRUTES'!A$3:A$90),"—") -> GLW | D13: =IFERROR(_xlfn.XLOOKUP(C13,'DONNÉES BRUTES'!A$3:A$90,'DONNÉES BRUTES'!B$3:B$90),"—") -> Corning Incorporated | F13: =IFERROR(_xlfn.XLOOKUP(C13,'DONNÉES BRUTES'!A$3:A$90,'DONNÉES BRUTES'!AA$3:AA$90)&"/100","—") -> 93/100 | G13: =IFERROR(_xlfn.XLOOKUP(C13,'DONNÉES BRUTES'!A$3:A$90,'DONNÉES BRUTES'!W$3:W$90),"—") -> +199.2% | H13: =IFERROR(_xlfn.XLOOKUP(C13,'DONNÉES BRUTES'!A$3:A$90,'DONNÉES BRUTES'!N$3:N$90),"—") -> 23.9% | I13: =IFERROR(_xlfn.XLOOKUP(C13,'DONNÉES BRUTES'!A$3:A$90,'DONNÉES BRUTES'!AB$3:AB$90),"—") -> 68 | J13: =IFERROR(_xlfn.XLOOKUP(C13,'DONNÉES BRUTES'!A$3:A$90,'DONNÉES BRUTES'!Y$3:Y$90),"—") -> 88 | K13: =IFERROR(_xlfn.XLOOKUP(C13,'DONNÉES BRUTES'!A$3:A$90,'DONNÉES BRUTES'!AC$3:AC$90),"—") -> 2026-04-28 | L13: =IFERROR(_xlfn.XLOOKUP(C13,'DONNÉES BRUTES'!A$3:A$90,'DONNÉES BRUTES'!AD$3:AD$90),"—") -> Neutre | N13: AMD | O13: 87 | Q13: AMD | R13: 93 | T13: AMD | U13: 21 | W13: 87 | X13: 73
B14: 8 | C14: =IFERROR(_xlfn.XLOOKUP(LARGE('DONNÉES BRUTES'!AA$3:AA$90,8),'DONNÉES BRUTES'!AA$3:AA$90,'DONNÉES BRUTES'!A$3:A$90),"—") -> LRCX | D14: =IFERROR(_xlfn.XLOOKUP(C14,'DONNÉES BRUTES'!A$3:A$90,'DONNÉES BRUTES'!B$3:B$90),"—") -> Lam Research Corporation | F14: =IFERROR(_xlfn.XLOOKUP(C14,'DONNÉES BRUTES'!A$3:A$90,'DONNÉES BRUTES'!AA$3:AA$90)&"/100","—") -> 92/100 | G14: =IFERROR(_xlfn.XLOOKUP(C14,'DONNÉES BRUTES'!A$3:A$90,'DONNÉES BRUTES'!W$3:W$90),"—") -> +171.9% | H14: =IFERROR(_xlfn.XLOOKUP(C14,'DONNÉES BRUTES'!A$3:A$90,'DONNÉES BRUTES'!N$3:N$90),"—") -> 35.4% | I14: =IFERROR(_xlfn.XLOOKUP(C14,'DONNÉES BRUTES'!A$3:A$90,'DONNÉES BRUTES'!AB$3:AB$90),"—") -> 77 | J14: =IFERROR(_xlfn.XLOOKUP(C14,'DONNÉES BRUTES'!A$3:A$90,'DONNÉES BRUTES'!Y$3:Y$90),"—") -> 83 | K14: =IFERROR(_xlfn.XLOOKUP(C14,'DONNÉES BRUTES'!A$3:A$90,'DONNÉES BRUTES'!AC$3:AC$90),"—") -> 2026-04-22 | L14: =IFERROR(_xlfn.XLOOKUP(C14,'DONNÉES BRUTES'!A$3:A$90,'DONNÉES BRUTES'!AD$3:AD$90),"—") -> Surpondérer | N14: KEYS | O14: 86 | Q14: KEYS | R14: 85 | T14: KEYS | U14: 27.1 | W14: 86 | X14: 67
B15: 9 | C15: =IFERROR(_xlfn.XLOOKUP(LARGE('DONNÉES BRUTES'!AA$3:AA$90,9),'DONNÉES BRUTES'!AA$3:AA$90,'DONNÉES BRUTES'!A$3:A$90),"—") -> INTC | D15: =IFERROR(_xlfn.XLOOKUP(C15,'DONNÉES BRUTES'!A$3:A$90,'DONNÉES BRUTES'!B$3:B$90),"—") -> Intel Corporation | F15: =IFERROR(_xlfn.XLOOKUP(C15,'DONNÉES BRUTES'!A$3:A$90,'DONNÉES BRUTES'!AA$3:AA$90)&"/100","—") -> 91/100 | G15: =IFERROR(_xlfn.XLOOKUP(C15,'DONNÉES BRUTES'!A$3:A$90,'DONNÉES BRUTES'!W$3:W$90),"—") -> +151.5% | H15: =IFERROR(_xlfn.XLOOKUP(C15,'DONNÉES BRUTES'!A$3:A$90,'DONNÉES BRUTES'!N$3:N$90),"—") -> 27.2% | I15: =IFERROR(_xlfn.XLOOKUP(C15,'DONNÉES BRUTES'!A$3:A$90,'DONNÉES BRUTES'!AB$3:AB$90),"—") -> 67 | J15: =IFERROR(_xlfn.XLOOKUP(C15,'DONNÉES BRUTES'!A$3:A$90,'DONNÉES BRUTES'!Y$3:Y$90),"—") -> 100 | K15: =IFERROR(_xlfn.XLOOKUP(C15,'DONNÉES BRUTES'!A$3:A$90,'DONNÉES BRUTES'!AC$3:AC$90),"—") -> 2026-04-23 | L15: =IFERROR(_xlfn.XLOOKUP(C15,'DONNÉES BRUTES'!A$3:A$90,'DONNÉES BRUTES'!AD$3:AD$90),"—") -> Neutre | N15: ASML | O15: 85 | Q15: ASML | R15: 79 | T15: ASML.AS | U15: 38.4 | W15: 85 | X15: 72
B16: 10 | C16: =IFERROR(_xlfn.XLOOKUP(LARGE('DONNÉES BRUTES'!AA$3:AA$90,10),'DONNÉES BRUTES'!AA$3:AA$90,'DONNÉES BRUTES'!A$3:A$90),"—") -> AMAT | D16: =IFERROR(_xlfn.XLOOKUP(C16,'DONNÉES BRUTES'!A$3:A$90,'DONNÉES BRUTES'!B$3:B$90),"—") -> Applied Materials, Inc. | F16: =IFERROR(_xlfn.XLOOKUP(C16,'DONNÉES BRUTES'!A$3:A$90,'DONNÉES BRUTES'!AA$3:AA$90)&"/100","—") -> 90/100 | G16: =IFERROR(_xlfn.XLOOKUP(C16,'DONNÉES BRUTES'!A$3:A$90,'DONNÉES BRUTES'!W$3:W$90),"—") -> +124.8% | H16: =IFERROR(_xlfn.XLOOKUP(C16,'DONNÉES BRUTES'!A$3:A$90,'DONNÉES BRUTES'!N$3:N$90),"—") -> 35.2% | I16: =IFERROR(_xlfn.XLOOKUP(C16,'DONNÉES BRUTES'!A$3:A$90,'DONNÉES BRUTES'!AB$3:AB$90),"—") -> 60 | J16: =IFERROR(_xlfn.XLOOKUP(C16,'DONNÉES BRUTES'!A$3:A$90,'DONNÉES BRUTES'!Y$3:Y$90),"—") -> 38 | K16: =IFERROR(_xlfn.XLOOKUP(C16,'DONNÉES BRUTES'!A$3:A$90,'DONNÉES BRUTES'!AC$3:AC$90),"—") -> 2026-05-14 | L16: =IFERROR(_xlfn.XLOOKUP(C16,'DONNÉES BRUTES'!A$3:A$90,'DONNÉES BRUTES'!AD$3:AD$90),"—") -> Neutre | N16: MPWR | O16: 84 | Q16: MPWR | R16: 69 | T16: MPWR | U16: 28 | W16: 84 | X16: 78
B17: 11 | C17: =IFERROR(_xlfn.XLOOKUP(LARGE('DONNÉES BRUTES'!AA$3:AA$90,11),'DONNÉES BRUTES'!AA$3:AA$90,'DONNÉES BRUTES'!A$3:A$90),"—") -> KLAC | D17: =IFERROR(_xlfn.XLOOKUP(C17,'DONNÉES BRUTES'!A$3:A$90,'DONNÉES BRUTES'!B$3:B$90),"—") -> KLA Corporation | F17: =IFERROR(_xlfn.XLOOKUP(C17,'DONNÉES BRUTES'!A$3:A$90,'DONNÉES BRUTES'!AA$3:AA$90)&"/100","—") -> 88/100 | G17: =IFERROR(_xlfn.XLOOKUP(C17,'DONNÉES BRUTES'!A$3:A$90,'DONNÉES BRUTES'!W$3:W$90),"—") -> +101.5% | H17: =IFERROR(_xlfn.XLOOKUP(C17,'DONNÉES BRUTES'!A$3:A$90,'DONNÉES BRUTES'!N$3:N$90),"—") -> 43.9% | I17: =IFERROR(_xlfn.XLOOKUP(C17,'DONNÉES BRUTES'!A$3:A$90,'DONNÉES BRUTES'!AB$3:AB$90),"—") -> 84 | J17: =IFERROR(_xlfn.XLOOKUP(C17,'DONNÉES BRUTES'!A$3:A$90,'DONNÉES BRUTES'!Y$3:Y$90),"—") -> 85 | K17: =IFERROR(_xlfn.XLOOKUP(C17,'DONNÉES BRUTES'!A$3:A$90,'DONNÉES BRUTES'!AC$3:AC$90),"—") -> 2026-04-29 | L17: =IFERROR(_xlfn.XLOOKUP(C17,'DONNÉES BRUTES'!A$3:A$90,'DONNÉES BRUTES'!AD$3:AD$90),"—") -> Surpondérer | N17: NOKIA | O17: 83 | Q17: NOKIA | R17: 0 | T17: NOKIA.HE | U17: 11.3 | W17: 83 | X17: 39
B18: 12 | C18: =IFERROR(_xlfn.XLOOKUP(LARGE('DONNÉES BRUTES'!AA$3:AA$90,12),'DONNÉES BRUTES'!AA$3:AA$90,'DONNÉES BRUTES'!A$3:A$90),"—") -> AMD | D18: =IFERROR(_xlfn.XLOOKUP(C18,'DONNÉES BRUTES'!A$3:A$90,'DONNÉES BRUTES'!B$3:B$90),"—") -> Advanced Micro Devices, Inc. | F18: =IFERROR(_xlfn.XLOOKUP(C18,'DONNÉES BRUTES'!A$3:A$90,'DONNÉES BRUTES'!AA$3:AA$90)&"/100","—") -> 87/100 | G18: =IFERROR(_xlfn.XLOOKUP(C18,'DONNÉES BRUTES'!A$3:A$90,'DONNÉES BRUTES'!W$3:W$90),"—") -> +92.9% | H18: =IFERROR(_xlfn.XLOOKUP(C18,'DONNÉES BRUTES'!A$3:A$90,'DONNÉES BRUTES'!N$3:N$90),"—") -> 21.0% | I18: =IFERROR(_xlfn.XLOOKUP(C18,'DONNÉES BRUTES'!A$3:A$90,'DONNÉES BRUTES'!AB$3:AB$90),"—") -> 73 | J18: =IFERROR(_xlfn.XLOOKUP(C18,'DONNÉES BRUTES'!A$3:A$90,'DONNÉES BRUTES'!Y$3:Y$90),"—") -> 92 | K18: =IFERROR(_xlfn.XLOOKUP(C18,'DONNÉES BRUTES'!A$3:A$90,'DONNÉES BRUTES'!AC$3:AC$90),"—") -> 2026-05-05 | L18: =IFERROR(_xlfn.XLOOKUP(C18,'DONNÉES BRUTES'!A$3:A$90,'DONNÉES BRUTES'!AD$3:AD$90),"—") -> Neutre | N18: JBL | O18: 81 | Q18: JBL | R18: 0 | T18: JBL | U18: 5.7 | W18: 81 | X18: 31
B19: 13 | C19: =IFERROR(_xlfn.XLOOKUP(LARGE('DONNÉES BRUTES'!AA$3:AA$90,13),'DONNÉES BRUTES'!AA$3:AA$90,'DONNÉES BRUTES'!A$3:A$90),"—") -> KEYS | D19: =IFERROR(_xlfn.XLOOKUP(C19,'DONNÉES BRUTES'!A$3:A$90,'DONNÉES BRUTES'!B$3:B$90),"—") -> Keysight Technologies, Inc. | F19: =IFERROR(_xlfn.XLOOKUP(C19,'DONNÉES BRUTES'!A$3:A$90,'DONNÉES BRUTES'!AA$3:AA$90)&"/100","—") -> 86/100 | G19: =IFERROR(_xlfn.XLOOKUP(C19,'DONNÉES BRUTES'!A$3:A$90,'DONNÉES BRUTES'!W$3:W$90),"—") -> +84.7% | H19: =IFERROR(_xlfn.XLOOKUP(C19,'DONNÉES BRUTES'!A$3:A$90,'DONNÉES BRUTES'!N$3:N$90),"—") -> 27.1% | I19: =IFERROR(_xlfn.XLOOKUP(C19,'DONNÉES BRUTES'!A$3:A$90,'DONNÉES BRUTES'!AB$3:AB$90),"—") -> 67 | J19: =IFERROR(_xlfn.XLOOKUP(C19,'DONNÉES BRUTES'!A$3:A$90,'DONNÉES BRUTES'!Y$3:Y$90),"—") -> 58 | K19: =IFERROR(_xlfn.XLOOKUP(C19,'DONNÉES BRUTES'!A$3:A$90,'DONNÉES BRUTES'!AC$3:AC$90),"—") -> 2026-05-19 | L19: =IFERROR(_xlfn.XLOOKUP(C19,'DONNÉES BRUTES'!A$3:A$90,'DONNÉES BRUTES'!AD$3:AD$90),"—") -> Neutre | N19: AKAM | O19: 79 | Q19: AKAM | R19: 0 | T19: AKAM | U19: 31.9 | W19: 79 | X19: 52
B20: 14 | C20: =IFERROR(_xlfn.XLOOKUP(LARGE('DONNÉES BRUTES'!AA$3:AA$90,14),'DONNÉES BRUTES'!AA$3:AA$90,'DONNÉES BRUTES'!A$3:A$90),"—") -> ASML.AS | D20: =IFERROR(_xlfn.XLOOKUP(C20,'DONNÉES BRUTES'!A$3:A$90,'DONNÉES BRUTES'!B$3:B$90),"—") -> ASML Holding N.V. | F20: =IFERROR(_xlfn.XLOOKUP(C20,'DONNÉES BRUTES'!A$3:A$90,'DONNÉES BRUTES'!AA$3:AA$90)&"/100","—") -> 85/100 | G20: =IFERROR(_xlfn.XLOOKUP(C20,'DONNÉES BRUTES'!A$3:A$90,'DONNÉES BRUTES'!W$3:W$90),"—") -> +78.6% | H20: =IFERROR(_xlfn.XLOOKUP(C20,'DONNÉES BRUTES'!A$3:A$90,'DONNÉES BRUTES'!N$3:N$90),"—") -> 38.4% | I20: =IFERROR(_xlfn.XLOOKUP(C20,'DONNÉES BRUTES'!A$3:A$90,'DONNÉES BRUTES'!AB$3:AB$90),"—") -> 72 | J20: =IFERROR(_xlfn.XLOOKUP(C20,'DONNÉES BRUTES'!A$3:A$90,'DONNÉES BRUTES'!Y$3:Y$90),"—") -> 70 | K20: =IFERROR(_xlfn.XLOOKUP(C20,'DONNÉES BRUTES'!A$3:A$90,'DONNÉES BRUTES'!AC$3:AC$90),"—") -> 2026-04-15 | L20: =IFERROR(_xlfn.XLOOKUP(C20,'DONNÉES BRUTES'!A$3:A$90,'DONNÉES BRUTES'!AD$3:AD$90),"—") -> Neutre | N20: ADI | O20: 78 | Q20: ADI | R20: 50 | T20: ADI | U20: 45.6 | W20: 78 | X20: 71
B21: 15 | C21: =IFERROR(_xlfn.XLOOKUP(LARGE('DONNÉES BRUTES'!AA$3:AA$90,15),'DONNÉES BRUTES'!AA$3:AA$90,'DONNÉES BRUTES'!A$3:A$90),"—") -> MPWR | D21: =IFERROR(_xlfn.XLOOKUP(C21,'DONNÉES BRUTES'!A$3:A$90,'DONNÉES BRUTES'!B$3:B$90),"—") -> Monolithic Power Systems, Inc. | F21: =IFERROR(_xlfn.XLOOKUP(C21,'DONNÉES BRUTES'!A$3:A$90,'DONNÉES BRUTES'!AA$3:AA$90)&"/100","—") -> 84/100 | G21: =IFERROR(_xlfn.XLOOKUP(C21,'DONNÉES BRUTES'!A$3:A$90,'DONNÉES BRUTES'!W$3:W$90),"—") -> +68.7% | H21: =IFERROR(_xlfn.XLOOKUP(C21,'DONNÉES BRUTES'!A$3:A$90,'DONNÉES BRUTES'!N$3:N$90),"—") -> 28.0% | I21: =IFERROR(_xlfn.XLOOKUP(C21,'DONNÉES BRUTES'!A$3:A$90,'DONNÉES BRUTES'!AB$3:AB$90),"—") -> 78 | J21: =IFERROR(_xlfn.XLOOKUP(C21,'DONNÉES BRUTES'!A$3:A$90,'DONNÉES BRUTES'!Y$3:Y$90),"—") -> 86 | K21: =IFERROR(_xlfn.XLOOKUP(C21,'DONNÉES BRUTES'!A$3:A$90,'DONNÉES BRUTES'!AC$3:AC$90),"—") -> 2026-04-30 | L21: =IFERROR(_xlfn.XLOOKUP(C21,'DONNÉES BRUTES'!A$3:A$90,'DONNÉES BRUTES'!AD$3:AD$90),"—") -> Surpondérer | N21: ON | O21: 77 | Q21: ON | R21: 0 | T21: ON | U21: 14.8 | W21: 77 | X21: 32
B22: 16 | C22: =IFERROR(_xlfn.XLOOKUP(LARGE('DONNÉES BRUTES'!AA$3:AA$90,16),'DONNÉES BRUTES'!AA$3:AA$90,'DONNÉES BRUTES'!A$3:A$90),"—") -> NOKIA.HE | D22: =IFERROR(_xlfn.XLOOKUP(C22,'DONNÉES BRUTES'!A$3:A$90,'DONNÉES BRUTES'!B$3:B$90),"—") -> Nokia Oyj | F22: =IFERROR(_xlfn.XLOOKUP(C22,'DONNÉES BRUTES'!A$3:A$90,'DONNÉES BRUTES'!AA$3:AA$90)&"/100","—") -> 83/100 | G22: =IFERROR(_xlfn.XLOOKUP(C22,'DONNÉES BRUTES'!A$3:A$90,'DONNÉES BRUTES'!W$3:W$90),"—") -> — | H22: =IFERROR(_xlfn.XLOOKUP(C22,'DONNÉES BRUTES'!A$3:A$90,'DONNÉES BRUTES'!N$3:N$90),"—") -> 0.113 | I22: =IFERROR(_xlfn.XLOOKUP(C22,'DONNÉES BRUTES'!A$3:A$90,'DONNÉES BRUTES'!AB$3:AB$90),"—") -> 39 | J22: =IFERROR(_xlfn.XLOOKUP(C22,'DONNÉES BRUTES'!A$3:A$90,'DONNÉES BRUTES'!Y$3:Y$90),"—") -> 9 | K22: =IFERROR(_xlfn.XLOOKUP(C22,'DONNÉES BRUTES'!A$3:A$90,'DONNÉES BRUTES'!AC$3:AC$90),"—") -> — | L22: =IFERROR(_xlfn.XLOOKUP(C22,'DONNÉES BRUTES'!A$3:A$90,'DONNÉES BRUTES'!AD$3:AD$90),"—") -> Sous-pondérer
B23: 17 | C23: =IFERROR(_xlfn.XLOOKUP(LARGE('DONNÉES BRUTES'!AA$3:AA$90,17),'DONNÉES BRUTES'!AA$3:AA$90,'DONNÉES BRUTES'!A$3:A$90),"—") -> JBL | D23: =IFERROR(_xlfn.XLOOKUP(C23,'DONNÉES BRUTES'!A$3:A$90,'DONNÉES BRUTES'!B$3:B$90),"—") -> Jabil Inc. | F23: =IFERROR(_xlfn.XLOOKUP(C23,'DONNÉES BRUTES'!A$3:A$90,'DONNÉES BRUTES'!AA$3:AA$90)&"/100","—") -> 81/100 | G23: =IFERROR(_xlfn.XLOOKUP(C23,'DONNÉES BRUTES'!A$3:A$90,'DONNÉES BRUTES'!W$3:W$90),"—") -> — | H23: =IFERROR(_xlfn.XLOOKUP(C23,'DONNÉES BRUTES'!A$3:A$90,'DONNÉES BRUTES'!N$3:N$90),"—") -> 0.057 | I23: =IFERROR(_xlfn.XLOOKUP(C23,'DONNÉES BRUTES'!A$3:A$90,'DONNÉES BRUTES'!AB$3:AB$90),"—") -> 31 | J23: =IFERROR(_xlfn.XLOOKUP(C23,'DONNÉES BRUTES'!A$3:A$90,'DONNÉES BRUTES'!Y$3:Y$90),"—") -> 8 | K23: =IFERROR(_xlfn.XLOOKUP(C23,'DONNÉES BRUTES'!A$3:A$90,'DONNÉES BRUTES'!AC$3:AC$90),"—") -> — | L23: =IFERROR(_xlfn.XLOOKUP(C23,'DONNÉES BRUTES'!A$3:A$90,'DONNÉES BRUTES'!AD$3:AD$90),"—") -> Sous-pondérer
B24: 18 | C24: =IFERROR(_xlfn.XLOOKUP(LARGE('DONNÉES BRUTES'!AA$3:AA$90,18),'DONNÉES BRUTES'!AA$3:AA$90,'DONNÉES BRUTES'!A$3:A$90),"—") -> AKAM | D24: =IFERROR(_xlfn.XLOOKUP(C24,'DONNÉES BRUTES'!A$3:A$90,'DONNÉES BRUTES'!B$3:B$90),"—") -> Akamai Technologies, Inc. | F24: =IFERROR(_xlfn.XLOOKUP(C24,'DONNÉES BRUTES'!A$3:A$90,'DONNÉES BRUTES'!AA$3:AA$90)&"/100","—") -> 79/100 | G24: =IFERROR(_xlfn.XLOOKUP(C24,'DONNÉES BRUTES'!A$3:A$90,'DONNÉES BRUTES'!W$3:W$90),"—") -> — | H24: =IFERROR(_xlfn.XLOOKUP(C24,'DONNÉES BRUTES'!A$3:A$90,'DONNÉES BRUTES'!N$3:N$90),"—") -> 0.319 | I24: =IFERROR(_xlfn.XLOOKUP(C24,'DONNÉES BRUTES'!A$3:A$90,'DONNÉES BRUTES'!AB$3:AB$90),"—") -> 52 | J24: =IFERROR(_xlfn.XLOOKUP(C24,'DONNÉES BRUTES'!A$3:A$90,'DONNÉES BRUTES'!Y$3:Y$90),"—") -> 30 | K24: =IFERROR(_xlfn.XLOOKUP(C24,'DONNÉES BRUTES'!A$3:A$90,'DONNÉES BRUTES'!AC$3:AC$90),"—") -> — | L24: =IFERROR(_xlfn.XLOOKUP(C24,'DONNÉES BRUTES'!A$3:A$90,'DONNÉES BRUTES'!AD$3:AD$90),"—") -> Sous-pondérer
B25: 19 | C25: =IFERROR(_xlfn.XLOOKUP(LARGE('DONNÉES BRUTES'!AA$3:AA$90,19),'DONNÉES BRUTES'!AA$3:AA$90,'DONNÉES BRUTES'!A$3:A$90),"—") -> ADI | D25: =IFERROR(_xlfn.XLOOKUP(C25,'DONNÉES BRUTES'!A$3:A$90,'DONNÉES BRUTES'!B$3:B$90),"—") -> Analog Devices, Inc. | F25: =IFERROR(_xlfn.XLOOKUP(C25,'DONNÉES BRUTES'!A$3:A$90,'DONNÉES BRUTES'!AA$3:AA$90)&"/100","—") -> 78/100 | G25: =IFERROR(_xlfn.XLOOKUP(C25,'DONNÉES BRUTES'!A$3:A$90,'DONNÉES BRUTES'!W$3:W$90),"—") -> +49.6% | H25: =IFERROR(_xlfn.XLOOKUP(C25,'DONNÉES BRUTES'!A$3:A$90,'DONNÉES BRUTES'!N$3:N$90),"—") -> 45.6% | I25: =IFERROR(_xlfn.XLOOKUP(C25,'DONNÉES BRUTES'!A$3:A$90,'DONNÉES BRUTES'!AB$3:AB$90),"—") -> 71 | J25: =IFERROR(_xlfn.XLOOKUP(C25,'DONNÉES BRUTES'!A$3:A$90,'DONNÉES BRUTES'!Y$3:Y$90),"—") -> 67 | K25: =IFERROR(_xlfn.XLOOKUP(C25,'DONNÉES BRUTES'!A$3:A$90,'DONNÉES BRUTES'!AC$3:AC$90),"—") -> 2026-05-21 | L25: =IFERROR(_xlfn.XLOOKUP(C25,'DONNÉES BRUTES'!A$3:A$90,'DONNÉES BRUTES'!AD$3:AD$90),"—") -> Neutre
B26: 20 | C26: =IFERROR(_xlfn.XLOOKUP(LARGE('DONNÉES BRUTES'!AA$3:AA$90,20),'DONNÉES BRUTES'!AA$3:AA$90,'DONNÉES BRUTES'!A$3:A$90),"—") -> ON | D26: =IFERROR(_xlfn.XLOOKUP(C26,'DONNÉES BRUTES'!A$3:A$90,'DONNÉES BRUTES'!B$3:B$90),"—") -> ON Semiconductor Corporation | F26: =IFERROR(_xlfn.XLOOKUP(C26,'DONNÉES BRUTES'!A$3:A$90,'DONNÉES BRUTES'!AA$3:AA$90)&"/100","—") -> 77/100 | G26: =IFERROR(_xlfn.XLOOKUP(C26,'DONNÉES BRUTES'!A$3:A$90,'DONNÉES BRUTES'!W$3:W$90),"—") -> — | H26: =IFERROR(_xlfn.XLOOKUP(C26,'DONNÉES BRUTES'!A$3:A$90,'DONNÉES BRUTES'!N$3:N$90),"—") -> 0.148 | I26: =IFERROR(_xlfn.XLOOKUP(C26,'DONNÉES BRUTES'!A$3:A$90,'DONNÉES BRUTES'!AB$3:AB$90),"—") -> 32 | J26: =IFERROR(_xlfn.XLOOKUP(C26,'DONNÉES BRUTES'!A$3:A$90,'DONNÉES BRUTES'!Y$3:Y$90),"—") -> 3 | K26: =IFERROR(_xlfn.XLOOKUP(C26,'DONNÉES BRUTES'!A$3:A$90,'DONNÉES BRUTES'!AC$3:AC$90),"—") -> — | L26: =IFERROR(_xlfn.XLOOKUP(C26,'DONNÉES BRUTES'!A$3:A$90,'DONNÉES BRUTES'!AD$3:AD$90),"—") -> Sous-pondérer
B28: FinSight IA · Screening Technology · Ne constitue pas un conseil en investissement

Sheet TECHNOLOGY
B1: FinSight IA · Analyse Sectorielle · Technology Screening · 22/03/2026 | R1: Ticker | S1: Score Global | U1: Signal | V1: Nb | X1: Ticker | Y1: Growth | Z1: Quality | AA1: Momentum | AC1: Ticker | AD1: Mg EBITDA (%)
B2: Zoom sectoriel · Ratios clés · Score FinSight · Usage confidentiel | R2: NVDA | S2: 88 | U2: Surpondérer | V2: 8 | X2: NVDA | Y2: 95 | Z2: 98 | AA2: 70 | AC2: NVDA | AD2: 66.9
R3: KLAC | S3: 84 | U3: Neutre | V3: 29 | X3: KLAC | Y3: 85 | Z3: 79 | AA3: 88 | AC3: KLAC | AD3: 43.9
C4: 88 | E4: 0 | H4: 51 | K4: NVIDIA Corporation | N4: — | R4: ANET | S4: 83 | U4: Sous-pondérer | V4: 51 | X4: ANET | Y4: 84 | Z4: 89 | AA4: 76 | AC4: ANET | AD4: 43.6
R5: AVGO | S5: 81 | X5: AVGO | Y5: 90 | Z5: 85 | AA5: 69 | AC5: AVGO | AD5: 54.3
C6: Sociétés dans le secteur | E6: Market Cap totale | H6: Score moyen FinSight | K6: Meilleure société | N6: EV/EBITDA médiane | R6: MU | S6: 78 | X6: MU | Y6: 98 | Z6: 41 | AA6: 95 | AC6: MU | AD6: 49.4
R7: MPWR | S7: 78 | X7: MPWR | Y7: 86 | Z7: 64 | AA7: 84 | AC7: MPWR | AD7: 28
B8: ANALYSE DÉTAILLÉE · TECHNOLOGY · 88 Sociétés · Triée par Score Global | R8: LRCX | S8: 77 | X8: LRCX | Y8: 83 | Z8: 57 | AA8: 92 | AC8: LRCX | AD8: 35.4
B9: # | C9: Ticker | D9: Société | E9: Score | F9: Val. | G9: Growth | H9: Quality | I9: Mom. | J9: EV/EBITDA | K9: EV/Rev. | L9: P/E | M9: Mg Brute | N9: Mg EBITDA | O9: Mom. 52S | P9: Altman Z | R9: WDC | S9: 77 | X9: WDC | Y9: 99 | Z9: 34 | AA9: 99 | AC9: WDC | AD9: 20.4
B10: ▸ SURPONDÉRER · 8 sociétés | R10: PTC | S10: 74 | AC10: PTC | AD10: 41.3
B11: 1 | C11: NVDA | D11: NVIDIA Corporation | E11: 88 | F11: — | G11: 95 | H11: 98 | I11: 70 | J11: — | K11: — | L11: — | M11: 0.711 | N11: 0.669 | O11: 0.303 | P11: 13.22 | R11: AMD | S11: 73 | AC11: AMD | AD11: 21
B12: 2 | C12: KLAC | D12: KLA Corporation | E12: 84 | F12: — | G12: 85 | H12: 79 | I12: 88 | J12: — | K12: — | L12: — | M12: 0.609 | N12: 0.439 | O12: 1.015 | P12: 5.64 | R12: STX | S12: 73 | AC12: STX | AD12: 22.9
B13: 3 | C13: ANET | D13: Arista Networks, Inc. | E13: 83 | F13: — | G13: 84 | H13: 89 | I13: 76 | J13: — | K13: — | L13: — | M13: 0.641 | N13: 0.436 | O13: 0.46 | P13: 8.46 | R13: ASML.AS | S13: 72 | AC13: ASML.AS | AD13: 38.4
B14: 4 | C14: AVGO | D14: Broadcom Inc. | E14: 81 | F14: — | G14: 90 | H14: 85 | I14: 69 | J14: — | K14: — | L14: — | M14: 0.678 | N14: 0.543 | O14: 0.297 | P14: 2.66 | R14: ADI | S14: 71 | AC14: ADI | AD14: 45.6
B15: 5 | C15: MU | D15: Micron Technology, Inc. | E15: 78 | F15: — | G15: 98 | H15: 41 | I15: 95 | J15: — | K15: — | L15: — | M15: 0.398 | N15: 0.494 | O15: 2.833 | P15: 6.1 | R15: GLW | S15: 68 | AC15: GLW | AD15: 23.9
B16: 6 | C16: MPWR | D16: Monolithic Power Systems, Inc. | E16: 78 | F16: — | G16: 86 | H16: 64 | I16: 84 | J16: — | K16: — | L16: — | M16: 0.552 | N16: 0.28 | O16: 0.687 | P16: 11.63 | R16: INTC | S16: 67 | AC16: INTC | AD16: 27.2
B17: 7 | C17: LRCX | D17: Lam Research Corporation | E17: 77 | F17: — | G17: 83 | H17: 57 | I17: 92 | J17: — | K17: — | L17: — | M17: 0.487 | N17: 0.354 | O17: 1.719 | P17: 9.7
B18: 8 | C18: WDC | D18: Western Digital Corporation | E18: 77 | F18: — | G18: 99 | H18: 34 | I18: 99 | J18: — | K18: — | L18: — | M18: 0.388 | N18: 0.204 | O18: 4.772 | P18: 1.76
B20: ▸ NEUTRE · 29 sociétés
B21: 9 | C21: PTC | D21: PTC Inc. | E21: 74 | F21: — | G21: 91 | H21: 94 | I21: 37 | J21: — | K21: — | L21: — | M21: 0.838 | N21: 0.413 | O21: -0.154 | P21: 3.62
B22: 10 | C22: AMD | D22: Advanced Micro Devices, Inc. | E22: 73 | F22: — | G22: 92 | H22: 40 | I22: 87 | J22: — | K22: — | L22: — | M22: 0.495 | N22: 0.21 | O22: 0.929 | P22: 6.9
B23: 11 | C23: STX | D23: Seagate Technology Holdings plc | E23: 73 | F23: — | G23: 97 | H23: 28 | I23: 94 | J23: — | K23: — | L23: — | M23: 0.352 | N23: 0.229 | O23: 2.644 | P23: -1.01
B24: 12 | C24: ASML.AS | D24: ASML Holding N.V. | E24: 72 | F24: — | G24: 70 | H24: 62 | I24: 85 | J24: — | K24: — | L24: — | M24: 0.528 | N24: 0.384 | O24: 0.786 | P24: 4.15
B25: 13 | C25: ADI | D25: Analog Devices, Inc. | E25: 71 | F25: — | G25: 67 | H25: 67 | I25: 78 | J25: — | K25: — | L25: — | M25: 0.615 | N25: 0.456 | O25: 0.496 | P25: 4.17
B26: 14 | C26: GLW | D26: Corning Incorporated | E26: 68 | F26: — | G26: 88 | H26: 24 | I26: 93 | J26: — | K26: — | L26: — | M26: 0.36 | N26: 0.239 | O26: 1.992 | P26: 3.62
B27: 15 | C27: INTC | D27: Intel Corporation | E27: 67 | F27: — | G27: 100 | H27: 11 | I27: 91 | J27: — | K27: — | L27: — | M27: 0.348 | N27: 0.272 | O27: 1.515 | P27: 3.25
B28: 16 | C28: KEYS | D28: Keysight Technologies, Inc. | E28: 67 | F28: — | G28: 58 | H28: 56 | I28: 86 | J28: — | K28: — | L28: — | M28: 0.621 | N28: 0.271 | O28: 0.847 | P28: 5.33
B29: 17 | C29: APH | D29: Amphenol Corporation | E29: 66 | F29: — | G29: 94 | H29: 31 | I29: 73 | J29: — | K29: — | L29: — | M29: 0.369 | N29: 0.298 | O29: 0.43 | P29: 5.05
B30: 18 | C30: CDNS | D30: Cadence Design Systems, Inc. | E30: 66 | F30: — | G30: 57 | H30: 93 | I30: 49 | J30: — | K30: — | L30: — | M30: 0.864 | N30: 0.354 | O30: -0.035 | P30: 6.55
B31: 19 | C31: SNPS | D31: Synopsys, Inc. | E31: 66 | F31: — | G31: 79 | H31: 80 | I31: 40 | J31: — | K31: — | L31: — | M31: 0.77 | N31: 0.354 | O31: -0.148 | P31: 2.76
B32: 20 | C32: TER | D32: Teradyne, Inc. | E32: 66 | F32: — | G32: 47 | H32: 54 | I32: 97 | J32: — | K32: — | L32: — | M32: 0.582 | N32: 0.247 | O32: 2.92 | P32: 5.06
... B49: 37 | C49: INTU | D49: Intuit Inc. | E49: 55 | F49: — | G49: 72 | H49: 82 | I49: 10 | J49: — | K49: — | L49: — | M49: 0.796 | N49: 0.313 | O49: -0.426 | P49: 4.52
B51: ▸ SOUS-PONDÉRER · 51 sociétés
B52: 38 | C52: ORCL | D52: Oracle Corporation | E52: 54 | F52: — | G52: 44 | H52: 75 | I52: 42 | J52: — | K52: — | L52: — | M52: 0.705 | N52: 0.417 | O52: -0.116 | P52: 0.24
B53: 39 | C53: NOW | D53: ServiceNow, Inc. | E53: 53 | F53: — | G53: 80 | H53: 74 | I53: 5 | J53: — | K53: — | L53: — | M53: 0.775 | N53: 0.228 | O53: -0.495 | P53: 2.29
B54: 40 | C54: XYZ | D54: Block, Inc. | E54: 53 | F54: — | G54: 87 | H54: 26 | I54: 47 | J54: — | K54: — | L54: — | M54: 0.428 | N54: 0.141 | O54: -0.044 | P54: 4.23
B55: 41 | C55: GEN | D55: Gen Digital Inc. | E55: 53 | F55: — | G55: 62 | H55: 78 | I55: 20 | J55: — | K55: — | L55: — | M55: 0.803 | N55: 0.515 | O55: — | P55: —
B56: 42 | C56: SGE.L | D56: The Sage Group plc | E56: 52 | F56: — | G56: 42 | H56: 91 | I56: 23 | J56: — | K56: — | L56: — | M56: 0.927 | N56: 0.25 | O56: — | P56: —
B57: 43 | C57: AKAM | D57: Akamai Technologies, Inc. | E57: 52 | F57: — | G57: 30 | H57: 46 | I57: 79 | J57: — | K57: — | L57: — | M57: 0.589 | N57: 0.319 | O57: — | P57: —
B58: 44 | C58: CSCO | D58: Cisco Systems, Inc. | E58: 51 | F58: — | G58: 23 | H58: 63 | I58: 66 | J58: — | K58: — | L58: — | M58: 0.649 | N58: 0.274 | O58: — | P58: —
B59: 45 | C59: CRM | D59: Salesforce, Inc. | E59: 51 | F59: — | G59: 50 | H59: 77 | I59: 26 | J59: — | K59: — | L59: — | M59: 0.777 | N59: 0.302 | O59: — | P59: —
B60: 46 | C60: NTAP | D60: NetApp, Inc. | E60: 51 | F60: — | G60: 29 | H60: 71 | I60: 53 | J60: — | K60: — | L60: — | M60: 0.702 | N60: 0.257 | O60: — | P60: —
B61: 47 | C61: AAPL | D61: Apple Inc. | E61: 50 | F61: — | G61: 31 | H61: 51 | I61: 67 | J61: — | K61: — | L61: — | M61: 0.469 | N61: 0.348 | O61: — | P61: —
B62: 48 | C62: QCOM | D62: QUALCOMM Incorporated | E62: 50 | F62: — | G62: 63 | H62: 44 | I62: 43 | J62: — | K62: — | L62: — | M62: 0.554 | N62: 0.337 | O62: — | P62: —
B63: 49 | C63: UBER | D63: Uber Technologies, Inc. | E63: 50 | F63: — | G63: 76 | H63: 36 | I63: 38 | J63: — | K63: — | L63: — | M63: 0.398 | N63: 0.134 | O63: — | P63: —
B64: 50 | C64: WDAY | D64: Workday, Inc. | E64: 50 | F64: — | G64: 77 | H64: 66 | I64: 6 | J64: — | K64: — | L64: — | M64: 0.757 | N64: 0.154 | O64: — | P64: —
B65: 51 | C65: TDY | D65: Teledyne Technologies Inc. | E65: 49 | F65: — | G65: 48 | H65: 33 | I65: 65 | J65: — | K65: — | L65: — | M65: 0.428 | N65: 0.244 | O65: — | P65: —
B66: 52 | C66: DDOG | D66: Datadog, Inc. | E66: 47 | F66: — | G66: 21 | H66: 69 | I66: 51 | J66: — | K66: — | L66: — | M66: 0.8 | N66: 0.057 | O66: — | P66: —
... B70: 56 | C70: JKHY | D70: Jack Henry & Associates, Inc. | E70: 41 | F70: — | G70: 43 | H70: 39 | I70: 41 | J70: — | K70: — | L70: — | M70: 0.427 | N70: 0.337 | O70: — | P70: —
B71: 57 | C71: DELL | D71: Dell Technologies Inc. | E71: 40 | F71: — | G71: 1 | H71: 80 | I71: 40 | J71: — | K71: — | L71: — | M71: — | N71: — | O71: — | P71: —
B72: 58 | C72: ROP | D72: Roper Technologies, Inc. | E72: 40 | F72: — | G72: 33 | H72: 70 | I72: 16 | J72: — | K72: — | L72: — | M72: 0.692 | N72: 0.4 | O72: — | P72: —
B73: 59 | C73: NOKIA.HE | D73: Nokia Oyj | E73: 39 | F73: — | G73: 9 | H73: 25 | I73: 83 | J73: — | K73: — | L73: — | M73: 0.435 | N73: 0.113 | O73: — | P73: —
B74: 60 | C74: FTV | D74: Fortive Corporation | E74: 39 | F74: — | G74: 6 | H74: 55 | I74: 56 | J74: — | K74: — | L74: — | M74: 0.635 | N74: 0.279 | O74: — | P74: —
B75: 61 | C75: PAYC | D75: Paycom Software, Inc. | E75: 39 | F75: — | G75: 27 | H75: 86 | I75: 3 | J75: — | K75: — | L75: — | M75: 0.832 | N75: 0.389 | O75: — | P75: —
B76: 62 | C76: Q | D76: Qnity Electronics, Inc. | E76: 39 | F76: — | G76: 40 | H76: 38 | I76: 0 | J76: — | K76: — | L76: — | M76: 0.462 | N76: 0.295 | O76: — | P76: —
B77: 63 | C77: NXPI | D77: NXP Semiconductors N.V. | E77: 38 | F77: — | G77: 14 | H77: 49 | I77: 52 | J77: — | K77: — | L77: — | M77: 0.547 | N77: 0.323 | O77: — | P77: —
B78: 64 | C78: TRMB | D78: Trimble Inc. | E78: 37 | F78: — | G78: 5 | H78: 61 | I78: 45 | J78: — | K78: — | L78: — | M78: 0.691 | N78: 0.218 | O78: — | P78: —
B79: 65 | C79: TYL | D79: Tyler Technologies, Inc. | E79: 35 | F79: — | G79: 55 | H79: 37 | I79: 13 | J79: — | K79: — | L79: — | M79: 0.465 | N79: 0.233 | O79: — | P79: —
B80: 66 | C80: HPE | D80: Hewlett Packard Enterprise | E80: 34 | F80: — | G80: 20 | H80: 9 | I80: 74 | J80: — | K80: — | L80: — | M80: 0.303 | N80: 0.128 | O80: — | P80: —
B81: 67 | C81: SNDK | D81: Sandisk Corporation | E81: 34 | F81: — | G81: 1 | H81: 2 | I81: 100 | J81: — | K81: — | L81: — | M81: 0.301 | N81: -0.17 | O81: — | P81: —
B82: 68 | C82: LDOS | D82: Leidos Holdings, Inc. | E82: 33 | F82: — | G82: 34 | H82: 8 | I82: 58 | J82: — | K82: — | L82: — | M82: 0.18 | N82: 0.14 | O82: — | P82: —
B83: 69 | C83: IFX.DE | D83: Infineon Technologies AG | E83: 32 | F83: — | G83: 12 | H83: 23 | I83: 60 | J83: — | K83: — | L83: — | M83: 0.392 | N83: 0.24 | O83: — | P83: —
... B102: 88 | C102: WLN.PA | D102: Worldline SA | E102: 0 | F102: — | G102: 0 | H102: 0 | I102: 0 | J102: — | K102: — | L102: — | M102: 0.565 | N102: -1.122 | O102: — | P102: —
B105: FinSight IA · Screening Technology · Ne constitue pas un conseil en investissement · Usage confidentiel

Sheet DONNÉES BRUTES
A1: DONNÉES BRUTES · Source de vérité · Technology Screening · 22/03/2026
A2: Ticker | B2: Société | C2: Secteur | D2: Cours | E2: Mkt Cap | F2: EV | G2: Rev LTM | H2: EBITDA LTM | I2: EV/EBITDA | J2: EV/Rev | K2: P/E | L2: EPS | M2: Mg Brute | N2: Mg EBITDA | O2: Mg Nette | P2: Cro Rev | Q2: ROE | R2: ROA | S2: Current R | T2: ND/EBITDA | U2: Altman Z | V2: Beneish M | W2: Mom 52W | X2: Score Val | Y2: Score Gr | Z2: Score Qual | AA2: Score Mom | AB2: Score Global | AC2: Next Earn | AD2: Signal
A3: NVDA | B3: NVIDIA Corporation | C3: Technology | D3: — | E3: — | F3: — | G3: $215.9 | H3: $144.6 | I3: — | J3: — | K3: — | L3: — | M3: 71.1% | N3: 66.9% | O3: 55.6% | P3: +65.5% | Q3: +76.3% | R3: +58.1% | S3: 3.91 | T3: -0.0x | U3: 13.22 | V3: -2.19 | W3: +30.3% | X3: — | Y3: 95 | Z3: 98 | AA3: 70 | AB3: 88 | AC3: 2026-05-20 | AD3: Surpondérer
A4: KLAC | B4: KLA Corporation | C4: Technology | D4: — | E4: — | F4: — | G4: $12.2 | H4: $5.3 | I4: — | J4: — | K4: — | L4: — | M4: 60.9% | N4: 43.9% | O4: 33.4% | P4: +23.9% | Q4: +86.6% | R4: +25.3% | S4: 2.62 | T4: 0.7x | U4: 5.64 | V4: -2.95 | W4: +101.5% | X4: — | Y4: 85 | Z4: 79 | AA4: 88 | AB4: 84 | AC4: 2026-04-29 | AD4: Surpondérer
A5: ANET | B5: Arista Networks, Inc. | C5: Technology | D5: — | E5: — | F5: — | G5: $9.0 | H5: $3.9 | I5: — | J5: — | K5: — | L5: — | M5: 64.1% | N5: 43.6% | O5: 39.0% | P5: +28.6% | Q5: +28.4% | R5: +18.1% | S5: 3.05 | T5: -0.5x | U5: 8.46 | V5: -2.58 | W5: +46.0% | X5: — | Y5: 84 | Z5: 89 | AA5: 76 | AB5: 83 | AC5: 2026-05-05 | AD5: Surpondérer
A6: AVGO | B6: Broadcom Inc. | C6: Technology | D6: — | E6: — | F6: — | G6: $63.9 | H6: $34.7 | I6: — | J6: — | K6: — | L6: — | M6: 67.8% | N6: 54.3% | O6: 36.2% | P6: +23.9% | Q6: +28.4% | R6: +13.5% | S6: 1.71 | T6: 1.4x | U6: 2.66 | V6: -2.72 | W6: +29.7% | X6: — | Y6: 90 | Z6: 85 | AA6: 69 | AB6: 81 | AC6: 2026-06-03 | AD6: Surpondérer
A7: MU | B7: Micron Technology, Inc. | C7: Technology | D7: — | E7: — | F7: — | G7: $37.4 | H7: $18.5 | I7: — | J7: — | K7: — | L7: — | M7: 39.8% | N7: 49.4% | O7: 22.8% | P7: +48.9% | Q7: +15.8% | R7: +10.3% | S7: 2.52 | T7: 0.1x | U7: 6.10 | V7: -3.06 | W7: +283.3% | X7: — | Y7: 98 | Z7: 41 | AA7: 95 | AB7: 78 | AC7: — | AD7: Surpondérer
A8: MPWR | B8: Monolithic Power Systems, Inc. | C8: Technology | D8: — | E8: — | F8: — | G8: $2.8 | H8: $0.8 | I8: — | J8: — | K8: — | L8: — | M8: 55.2% | N8: 28.0% | O8: 22.3% | P8: +26.4% | Q8: +17.6% | R8: +14.8% | S8: 5.91 | T8: -1.4x | U8: 11.63 | V8: -2.88 | W8: +68.7% | X8: — | Y8: 86 | Z8: 64 | AA8: 84 | AB8: 78 | AC8: 2026-04-30 | AD8: Surpondérer
A9: LRCX | B9: Lam Research Corporation | C9: Technology | D9: — | E9: — | F9: — | G9: $18.4 | H9: $6.5 | I9: — | J9: — | K9: — | L9: — | M9: 48.7% | N9: 35.4% | O9: 29.1% | P9: +23.7% | Q9: +54.3% | R9: +25.1% | S9: 2.21 | T9: -0.3x | U9: 9.70 | V9: -2.83 | W9: +171.9% | X9: — | Y9: 83 | Z9: 57 | AA9: 92 | AB9: 77 | AC9: 2026-04-22 | AD9: Surpondérer
A10: WDC | B10: Western Digital Corporation | C10: Technology | D10: — | E10: — | F10: — | G10: $9.5 | H10: $1.9 | I10: — | J10: — | K10: — | L10: — | M10: 38.8% | N10: 20.4% | O10: 19.5% | P10: +50.7% | Q10: +35.0% | R10: +13.3% | S10: 1.08 | T10: 1.3x | U10: 1.76 | V10: -3.20 | W10: +477.2% | X10: — | Y10: 99 | Z10: 34 | AA10: 99 | AB10: 77 | AC10: 2026-05-06 | AD10: Surpondérer
A11: PTC | B11: PTC Inc. | C11: Technology | D11: — | E11: — | F11: — | G11: $2.7 | H11: $1.1 | I11: — | J11: — | K11: — | L11: — | M11: 83.8% | N11: 41.3% | O11: 26.8% | P11: +19.2% | Q11: +19.2% | R11: +11.1% | S11: 1.12 | T11: 0.9x | U11: 3.62 | V11: -2.99 | W11: -15.4% | X11: — | Y11: 91 | Z11: 94 | AA11: 37 | AB11: 74 | AC11: 2026-04-29 | AD11: Neutre
A12: AMD | B12: Advanced Micro Devices, Inc. | C12: Technology | D12: — | E12: — | F12: — | G12: $34.6 | H12: $7.3 | I12: — | J12: — | K12: — | L12: — | M12: 49.5% | N12: 21.0% | O12: 12.5% | P12: +34.3% | Q12: +6.9% | R12: +5.6% | S12: 2.85 | T12: -0.3x | U12: 6.90 | V12: -3.12 | W12: +92.9% | X12: — | Y12: 92 | Z12: 40 | AA12: 87 | AB12: 73 | AC12: 2026-05-05 | AD12: Neutre
A13: STX | B13: Seagate Technology Holdings plc | C13: Technology | D13: — | E13: — | F13: — | G13: $9.1 | H13: $2.1 | I13: — | J13: — | K13: — | L13: — | M13: 35.2% | N13: 22.9% | O13: 16.1% | P13: +38.9% | Q13: -324.3% | R13: +18.3% | S13: 1.38 | T13: 2.0x | U13: -1.01 | V13: -2.62 | W13: +264.4% | X13: — | Y13: 97 | Z13: 28 | AA13: 94 | AB13: 73 | AC13: 2026-05-05 | AD13: Neutre
A14: ASML.AS | B14: ASML Holding N.V. | C14: Technology | D14: — | E14: — | F14: — | G14: €32.7 | H14: €12.6 | I14: — | J14: — | K14: — | L14: — | M14: 52.8% | N14: 38.4% | O14: 29.4% | P14: +15.6% | Q14: +49.0% | R14: +19.0% | S14: 1.26 | T14: -0.7x | U14: 4.15 | V14: -3.30 | W14: +78.6% | X14: — | Y14: 70 | Z14: 62 | AA14: 85 | AB14: 72 | AC14: 2026-04-15 | AD14: Neutre
... A42: XYZ | B42: Block, Inc. | C42: Technology | D42: — | E42: — | F42: — | G42: $24.2 | H42: $3.4 | I42: — | J42: — | K42: — | L42: — | M42: 42.8% | N42: 14.1% | O42: 5.4% | P42: +0.3% | Q42: +5.9% | R42: +3.3% | S42: 2.20 | T42: -0.8x | U42: 4.23 | V42: -3.15 | W42: -4.4% | X42: — | Y42: 87 | Z42: 26 | AA42: 47 | AB42: 53 | AC42: 2026-04-30 | AD42: Sous-pondérer
A43: GEN | B43: Gen Digital Inc. | C43: Technology | D43: — | E43: — | F43: — | G43: — | H43: — | I43: — | J43: — | K43: — | L43: — | M43: 0.803 | N43: 0.515 | O43: — | P43: 0.036 | Q43: — | R43: — | S43: — | T43: — | U43: — | V43: — | W43: — | X43: — | Y43: 62 | Z43: 78 | AA43: 20 | AB43: 53 | AC43: — | AD43: Sous-pondérer
A44: SGE.L | B44: The Sage Group plc | C44: Technology | D44: — | E44: — | F44: — | G44: — | H44: — | I44: — | J44: — | K44: — | L44: — | M44: 0.927 | N44: 0.25 | O44: — | P44: 0.078 | Q44: — | R44: — | S44: — | T44: — | U44: — | V44: — | W44: — | X44: — | Y44: 42 | Z44: 91 | AA44: 23 | AB44: 52 | AC44: — | AD44: Sous-pondérer
A45: AKAM | B45: Akamai Technologies, Inc. | C45: Technology | D45: — | E45: — | F45: — | G45: — | H45: — | I45: — | J45: — | K45: — | L45: — | M45: 0.589 | N45: 0.319 | O45: — | P45: 0.054 | Q45: — | R45: — | S45: — | T45: — | U45: — | V45: — | W45: — | X45: — | Y45: 30 | Z45: 46 | AA45: 79 | AB45: 52 | AC45: — | AD45: Sous-pondérer
A46: CSCO | B46: Cisco Systems, Inc. | C46: Technology | D46: — | E46: — | F46: — | G46: — | H46: — | I46: — | J46: — | K46: — | L46: — | M46: 0.649 | N46: 0.274 | O46: — | P46: 0.053 | Q46: — | R46: — | S46: — | T46: — | U46: — | V46: — | W46: — | X46: — | Y46: 23 | Z46: 63 | AA46: 66 | AB46: 51 | AC46: — | AD46: Sous-pondérer
A47: CRM | B47: Salesforce, Inc. | C47: Technology | D47: — | E47: — | F47: — | G47: — | H47: — | I47: — | J47: — | K47: — | L47: — | M47: 0.777 | N47: 0.302 | O47: — | P47: 0.096 | Q47: — | R47: — | S47: — | T47: — | U47: — | V47: — | W47: — | X47: — | Y47: 50 | Z47: 77 | AA47: 26 | AB47: 51 | AC47: — | AD47: Sous-pondérer
A48: NTAP | B48: NetApp, Inc. | C48: Technology | D48: — | E48: — | F48: — | G48: — | H48: — | I48: — | J48: — | K48: — | L48: — | M48: 0.702 | N48: 0.257 | O48: — | P48: 0.049 | Q48: — | R48: — | S48: — | T48: — | U48: — | V48: — | W48: — | X48: — | Y48: 29 | Z48: 71 | AA48: 53 | AB48: 51 | AC48: — | AD48: Sous-pondérer
A49: AAPL | B49: Apple Inc. | C49: Technology | D49: — | E49: — | F49: — | G49: — | H49: — | I49: — | J49: — | K49: — | L49: — | M49: 0.469 | N49: 0.348 | O49: — | P49: 0.064 | Q49: — | R49: — | S49: — | T49: — | U49: — | V49: — | W49: — | X49: — | Y49: 31 | Z49: 51 | AA49: 67 | AB49: 50 | AC49: — | AD49: Sous-pondérer
A50: QCOM | B50: QUALCOMM Incorporated | C50: Technology | D50: — | E50: — | F50: — | G50: — | H50: — | I50: — | J50: — | K50: — | L50: — | M50: 0.554 | N50: 0.337 | O50: — | P50: 0.137 | Q50: — | R50: — | S50: — | T50: — | U50: — | V50: — | W50: — | X50: — | Y50: 63 | Z50: 44 | AA50: 43 | AB50: 50 | AC50: — | AD50: Sous-pondérer
A51: UBER | B51: Uber Technologies, Inc. | C51: Technology | D51: — | E51: — | F51: — | G51: — | H51: — | I51: — | J51: — | K51: — | L51: — | M51: 0.398 | N51: 0.134 | O51: — | P51: 0.183 | Q51: — | R51: — | S51: — | T51: — | U51: — | V51: — | W51: — | X51: — | Y51: 76 | Z51: 36 | AA51: 38 | AB51: 50 | AC51: — | AD51: Sous-pondérer
A52: WDAY | B52: Workday, Inc. | C52: Technology | D52: — | E52: — | F52: — | G52: — | H52: — | I52: — | J52: — | K52: — | L52: — | M52: 0.757 | N52: 0.154 | O52: — | P52: 0.131 | Q52: — | R52: — | S52: — | T52: — | U52: — | V52: — | W52: — | X52: — | Y52: 77 | Z52: 66 | AA52: 6 | AB52: 50 | AC52: — | AD52: Sous-pondérer
A53: TDY | B53: Teledyne Technologies Incorporated | C53: Technology | D53: — | E53: — | F53: — | G53: — | H53: — | I53: — | J53: — | K53: — | L53: — | M53: 0.428 | N53: 0.244 | O53: — | P53: 0.079 | Q53: — | R53: — | S53: — | T53: — | U53: — | V53: — | W53: — | X53: — | Y53: 48 | Z53: 33 | AA53: 65 | AB53: 49 | AC53: — | AD53: Sous-pondérer
A54: DDOG | B54: Datadog, Inc. | C54: Technology | D54: — | E54: — | F54: — | G54: — | H54: — | I54: — | J54: — | K54: — | L54: — | M54: 0.8 | N54: 0.057 | O54: — | P54: 0.277 | Q54: — | R54: — | S54: — | T54: — | U54: — | V54: — | W54: — | X54: — | Y54: 21 | Z54: 69 | AA54: 51 | AB54: 47 | AC54: — | AD54: Sous-pondérer
A55: TEL | B55: TE Connectivity plc | C55: Technology | D55: — | E55: — | F55: — | G55: — | H55: — | I55: — | J55: — | K55: — | L55: — | M55: 0.352 | N55: 0.239 | O55: — | P55: 0.089 | Q55: — | R55: — | S55: — | T55: — | U55: — | V55: — | W55: — | X55: — | Y55: 45 | Z55: 22 | AA55: 71 | AB55: 46 | AC55: — | AD55: Sous-pondérer
A56: DSY.PA | B56: Dassault Systèmes SE | C56: Technology | D56: — | E56: — | F56: — | G56: — | H56: — | I56: — | J56: — | K56: — | L56: — | M56: 0.837 | N56: 0.304 | O56: — | P56: 0.004 | Q56: — | R56: — | S56: — | T56: — | U56: — | V56: — | W56: — | X56: — | Y56: 19 | Z56: 100 | AA56: 7 | AB56: 42 | AC56: 46135 | AD56: Sous-pondérer
A57: GDDY | B57: GoDaddy Inc. | C57: Technology | D57: — | E57: — | F57: — | G57: — | H57: — | I57: — | J57: — | K57: — | L57: — | M57: 0.636 | N57: 0.26 | O57: — | P57: 0.083 | Q57: — | R57: — | S57: — | T57: — | U57: — | V57: — | W57: — | X57: — | Y57: 60 | Z57: 60 | AA57: 2 | AB57: 41 | AC57: — | AD57: Sous-pondérer
A58: JKHY | B58: Jack Henry & Associates, Inc. | C58: Technology | D58: — | E58: — | F58: — | G58: — | H58: — | I58: — | J58: — | K58: — | L58: — | M58: 0.427 | N58: 0.337 | O58: — | P58: 0.072 | Q58: — | R58: — | S58: — | T58: — | U58: — | V58: — | W58: — | X58: — | Y58: 43 | Z58: 39 | AA58: 41 | AB58: 41 | AC58: — | AD58: Sous-pondérer
A59: DELL | B59: Dell Technologies Inc. | C59: Technology | D59: — | E59: — | F59: — | G59: — | H59: — | I59: — | J59: — | K59: — | L59: — | M59: — | N59: — | O59: — | P59: — | Q59: — | R59: — | S59: — | T59: — | U59: — | V59: — | W59: — | X59: — | Y59: 1 | Z59: 80 | AA59: 40 | AB59: 40 | AC59: — | AD59: Sous-pondérer
A60: ROP | B60: Roper Technologies, Inc. | C60: Technology | D60: — | E60: — | F60: — | G60: — | H60: — | I60: — | J60: — | K60: — | L60: — | M60: 0.692 | N60: 0.4 | O60: — | P60: 0.123 | Q60: — | R60: — | S60: — | T60: — | U60: — | V60: — | W60: — | X60: — | Y60: 33 | Z60: 70 | AA60: 16 | AB60: 40 | AC60: — | AD60: Sous-pondérer
A61: NOKIA.HE | B61: Nokia Oyj | C61: Technology | D61: — | E61: — | F61: — | G61: — | H61: — | I61: — | J61: — | K61: — | L61: — | M61: 0.435 | N61: 0.113 | O61: — | P61: 0.035 | Q61: — | R61: — | S61: — | T61: — | U61: — | V61: — | W61: — | X61: — | Y61: 9 | Z61: 25 | AA61: 83 | AB61: 39 | AC61: — | AD61: Sous-pondérer
A62: FTV | B62: Fortive Corporation | C62: Technology | D62: — | E62: — | F62: — | G62: — | H62: — | I62: — | J62: — | K62: — | L62: — | M62: 0.635 | N62: 0.279 | O62: — | P62: -0.333 | Q62: — | R62: — | S62: — | T62: — | U62: — | V62: — | W62: — | X62: — | Y62: 6 | Z62: 55 | AA62: 56 | AB62: 39 | AC62: — | AD62: Sous-pondérer
A63: PAYC | B63: Paycom Software, Inc. | C63: Technology | D63: — | E63: — | F63: — | G63: — | H63: — | I63: — | J63: — | K63: — | L63: — | M63: 0.832 | N63: 0.389 | O63: — | P63: 0.089 | Q63: — | R63: — | S63: — | T63: — | U63: — | V63: — | W63: — | X63: — | Y63: 27 | Z63: 86 | AA63: 3 | AB63: 39 | AC63: — | AD63: Sous-pondérer
A64: Q | B64: Qnity Electronics, Inc. | C64: Technology | D64: — | E64: — | F64: — | G64: — | H64: — | I64: — | J64: — | K64: — | L64: — | M64: 0.462 | N64: 0.295 | O64: — | P64: 0.097 | Q64: — | R64: — | S64: — | T64: — | U64: — | V64: — | W64: — | X64: — | Y64: 40 | Z64: 38 | AA64: 0 | AB64: 39 | AC64: — | AD64: Sous-pondérer
A65: NXPI | B65: NXP Semiconductors N.V. | C65: Technology | D65: — | E65: — | F65: — | G65: — | H65: — | I65: — | J65: — | K65: — | L65: — | M65: 0.547 | N65: 0.323 | O65: — | P65: -0.027 | Q65: — | R65: — | S65: — | T65: — | U65: — | V65: — | W65: — | X65: — | Y65: 14 | Z65: 49 | AA65: 52 | AB65: 38 | AC65: — | AD65: Sous-pondérer
A66: TRMB | B66: Trimble Inc. | C66: Technology | D66: — | E66: — | F66: — | G66: — | H66: — | I66: — | J66: — | K66: — | L66: — | M66: 0.691 | N66: 0.218 | O66: — | P66: -0.026 | Q66: — | R66: — | S66: — | T66: — | U66: — | V66: — | W66: — | X66: — | Y66: 5 | Z66: 61 | AA66: 45 | AB66: 37 | AC66: — | AD66: Sous-pondérer
A67: TYL | B67: Tyler Technologies, Inc. | C67: Technology | D67: — | E67: — | F67: — | G67: — | H67: — | I67: — | J67: — | K67: — | L67: — | M67: 0.465 | N67: 0.233 | O67: — | P67: 0.091 | Q67: — | R67: — | S67: — | T67: — | U67: — | V67: — | W67: — | X67: — | Y67: 55 | Z67: 37 | AA67: 13 | AB67: 35 | AC67: — | AD67: Sous-pondérer
A68: HPE | B68: Hewlett Packard Enterprise Company | C68: Technology | D68: — | E68: — | F68: — | G68: — | H68: — | I68: — | J68: — | K68: — | L68: — | M68: 0.303 | N68: 0.128 | O68: — | P68: 0.138 | Q68: — | R68: — | S68: — | T68: — | U68: — | V68: — | W68: — | X68: — | Y68: 20 | Z68: 9 | AA68: 74 | AB68: 34 | AC68: — | AD68: Sous-pondérer
A69: SNDK | B69: Sandisk Corporation | C69: Technology | D69: — | E69: — | F69: — | G69: — | H69: — | I69: — | J69: — | K69: — | L69: — | M69: 0.301 | N69: -0.17 | O69: — | P69: 0.104 | Q69: — | R69: — | S69: — | T69: — | U69: — | V69: — | W69: — | X69: — | Y69: 1 | Z69: 2 | AA69: 100 | AB69: 34 | AC69: — | AD69: Sous-pondérer
A70: LDOS | B70: Leidos Holdings, Inc. | C70: Technology | D70: — | E70: — | F70: — | G70: — | H70: — | I70: — | J70: — | K70: — | L70: — | M70: 0.18 | N70: 0.14 | O70: — | P70: 0.031 | Q70: — | R70: — | S70: — | T70: — | U70: — | V70: — | W70: — | X70: — | Y70: 34 | Z70: 8 | AA70: 58 | AB70: 33 | AC70: — | AD70: Sous-pondérer
A71: IFX.DE | B71: Infineon Technologies AG | C71: Technology | D71: — | E71: — | F71: — | G71: — | H71: — | I71: — | J71: — | K71: — | L71: — | M71: 0.392 | N71: 0.24 | O71: — | P71: -0.02 | Q71: — | R71: — | S71: — | T71: — | U71: — | V71: — | W71: — | X71: — | Y71: 12 | Z71: 23 | AA71: 60 | AB71: 32 | AC71: — | AD71: Sous-pondérer
... A90: WLN.PA | B90: Worldline SA | C90: Technology | D90: — | E90: — | F90: — | G90: — | H90: — | I90: — | J90: — | K90: — | L90: — | M90: 0.565 | N90: -1.122 | O90: — | P90: -0.032 | Q90: — | R90: — | S90: — | T90: — | U90: — | V90: — | W90: — | X90: — | Y90: 0 | Z90: 0 | AA90: 0 | AB90: 0 | AC90: — | AD90: Sous-pondérer
